-- phpMyAdmin SQL Dump
-- version 5.2.1
-- https://www.phpmyadmin.net/
--
-- Host: 127.0.0.1
-- Generation Time: Feb 20, 2026 at 06:56 AM
-- Server version: 10.4.32-MariaDB
-- PHP Version: 8.0.30

SET SQL_MODE = "NO_AUTO_VALUE_ON_ZERO";
START TRANSACTION;
SET time_zone = "+00:00";


/*!40101 SET @OLD_CHARACTER_SET_CLIENT=@@CHARACTER_SET_CLIENT */;
/*!40101 SET @OLD_CHARACTER_SET_RESULTS=@@CHARACTER_SET_RESULTS */;
/*!40101 SET @OLD_COLLATION_CONNECTION=@@COLLATION_CONNECTION */;
/*!40101 SET NAMES utf8mb4 */;

--
-- Database: `program_management`
--

-- --------------------------------------------------------

--
-- Table structure for table `course`
--

CREATE TABLE `course` (
  `CourseCode` varchar(20) NOT NULL,
  `CourseName` text NOT NULL,
  `Credit` int(11) NOT NULL DEFAULT 4,
  `CourseType` enum('Theory','Practical','Elective') DEFAULT NULL,
  `ProgramID` int(11) NOT NULL,
  `Semester` int(11) NOT NULL
) ENGINE=InnoDB DEFAULT CHARSET=utf8mb4 COLLATE=utf8mb4_general_ci;

--
-- Dumping data for table `course`
--

INSERT INTO `course` (`CourseCode`, `CourseName`, `Credit`, `CourseType`, `ProgramID`, `Semester`) VALUES
('BA5OPT22', 'Brand Management', 3, 'Elective', 2, 5),
('CA010101', 'Advanced Web Technology', 4, 'Theory', 1, 1),
('CA010102', 'Operating Systems', 4, 'Theory', 1, 1),
('CA010103', 'Lab - I (Java & PHP)', 4, 'Practical', 1, 1),
('CA010201', 'Computer Networks', 4, 'Theory', 1, 2),
('CA010202', 'Research Methodology and Technical Writing', 3, 'Theory', 1, 2),
('CA010203', 'Lab II [ DS using Java, SQL]', 4, 'Theory', 1, 2),
('CA3CRT01', 'Microprocessor and PC Hardware', 4, 'Theory', 2, 3),
('CA3CRT02', 'Operating Systems', 4, 'Theory', 2, 3),
('CA4CRT03', 'System Analysis and Software Engineering', 4, 'Theory', 2, 4),
('CA500101', 'Computational Mathematics', 4, 'Theory', 1, 1),
('CA500102', 'Advanced Java Programming', 3, 'Theory', 1, 1),
('CA500201', 'Advanced Data Structures', 4, 'Theory', 1, 2),
('CA500202', 'Database Management system and SQL', 4, 'Practical', 1, 2),
('CA5PRP01', 'Software Development Lab I (Mini Project in PHP)', 3, 'Theory', 2, 5),
('CA6CRT04', 'Cloud Computing', 4, 'Theory', 2, 6),
('CA6PRP02', 'Software Development Lab II ( Main Project)', 3, 'Theory', 2, 6),
('CA6SMP01', 'Software Lab VI and Seminar', 2, 'Practical', 2, 6),
('CA6VVP01', 'Viva Voce', 1, 'Theory', 2, 6),
('CO5OPT03', 'Fundamentals of Accounting', 3, 'Elective', 2, 5),
('CS1CRP01', 'Software Lab I', 2, 'Practical', 2, 1),
('CS1CRT01', 'Computer Fundamentals and Digital Principles', 4, 'Theory', 2, 1),
('CS1CRT02', 'Methodology of Programming and C Language', 3, 'Theory', 2, 1),
('CS2CRP02', 'Software Lab - II', 2, 'Practical', 2, 2),
('CS2CRT04', 'Data Base Management Systems', 3, 'Theory', 2, 2),
('CS2CRT05', 'Computer Organization and Architecture', 4, 'Theory', 2, 2),
('CS2CRT06', 'Object Oriented Programming using C++', 3, 'Theory', 2, 2),
('CS3CRP03', 'Software Lab - III', 2, 'Practical', 2, 3),
('CS3CRT07', 'Computer Graphics', 4, 'Theory', 2, 3),
('CS3CRT08', 'Data Structure using C++', 3, 'Theory', 2, 3),
('CS4CRP04', 'Software Lab - IV', 2, 'Practical', 2, 4),
('CS4CRT09', 'Design and Analysis of Algorithms', 4, 'Theory', 2, 4),
('CS4CRT10', 'Linux Administration', 4, 'Theory', 2, 4),
('CS4CRT11', 'Web Programming using PHP', 3, 'Theory', 2, 4),
('CS5CRP05', 'Software Lab -V', 2, 'Practical', 2, 5),
('CS5CRT12', 'Computer Networks', 4, 'Theory', 2, 5),
('CS5CRT13', 'IT and Environment', 4, 'Theory', 2, 5),
('CS5CRT14', 'Java Programming using Linux', 3, 'Theory', 2, 5),
('CS6CBT02', 'Data Mining', 4, 'Theory', 2, 6),
('CS6CRT15', 'Mobile Application Development- Android', 4, 'Theory', 2, 6),
('EN1CCT01', 'English - Fine - tune Your English', 4, 'Theory', 2, 1),
('EN2CCT03', 'English-Issues That Matter', 4, 'Theory', 2, 2),
('MM1CMT03', 'Mathematics - Discrete Mathematics I', 4, 'Theory', 2, 1),
('MM2CMT03', 'Mathematics - Discrete Mathematics II', 4, 'Theory', 2, 2),
('MM4CMT03', 'Operations Research', 4, 'Theory', 2, 4),
('MM5OPT02', 'Applicable Mathematics', 3, 'Elective', 2, 5),
('PE5OPT01', 'Physical Health and Life Skill Education', 3, 'Elective', 2, 5),
('ST1CMT31', 'Basic Statistics and Introductory Probability Theory', 4, 'Theory', 2, 1),
('ST3CMT32', 'Advanced Statistical Methods', 4, 'Theory', 2, 3);

-- --------------------------------------------------------

--
-- Table structure for table `examattender`
--

CREATE TABLE `examattender` (
  `AttID` int(11) NOT NULL,
  `PRN` bigint(13) NOT NULL,
  `ExamID` int(11) NOT NULL,
  `ExamCenterID` int(11) NOT NULL
) ENGINE=InnoDB DEFAULT CHARSET=utf8mb4 COLLATE=utf8mb4_general_ci;

--
-- Dumping data for table `examattender`
--

INSERT INTO `examattender` (`AttID`, `PRN`, `ExamID`, `ExamCenterID`) VALUES
(1, 8683840328, 1, 1),
(2, 7381419593, 1, 1),
(3, 9855577260, 1, 1),
(4, 8133627795, 1, 1),
(5, 1101407474, 1, 1),
(6, 7106154264, 1, 1),
(7, 4226549172, 1, 1),
(8, 7814283344, 1, 1),
(9, 7391769484, 1, 1),
(10, 3515997662, 1, 1),
(11, 3404680137, 1, 1),
(12, 5475407978, 1, 1),
(15, 8683840328, 3, 1),
(16, 7381419593, 3, 1),
(17, 9855577260, 3, 1),
(18, 8133627795, 3, 1),
(19, 1101407474, 3, 1),
(20, 7106154264, 3, 1),
(21, 4226549172, 3, 1),
(22, 7814283344, 3, 1),
(23, 7391769484, 3, 1),
(24, 3515997662, 3, 1),
(25, 3404680137, 3, 1),
(26, 5475407978, 3, 1),
(28, 2507051112, 4, 1),
(29, 4906268026, 4, 1),
(30, 7010187071, 4, 1),
(31, 1332131555, 4, 1),
(32, 2630096839, 4, 1),
(33, 8154089806, 4, 1),
(34, 4880158792, 4, 1),
(35, 7938524817, 4, 1),
(36, 6052147985, 4, 1),
(37, 5445165752, 4, 1),
(38, 8069385084, 4, 1),
(39, 5011428440, 4, 1),
(40, 8848987223, 4, 1),
(41, 1210651073, 4, 1),
(42, 5506293975, 4, 1),
(43, 4899516931, 4, 1),
(44, 6978703008, 4, 1),
(45, 1194964526, 4, 1),
(46, 2038713881, 4, 1),
(47, 5608676106, 4, 1),
(48, 2927239162, 4, 1),
(49, 5810167771, 4, 1),
(50, 1269121646, 4, 1),
(51, 5915105192, 4, 1),
(52, 6768161302, 4, 1),
(53, 6095491209, 4, 1),
(54, 9172972415, 4, 1),
(55, 8578388727, 4, 1),
(56, 5373026668, 4, 1),
(57, 9129967435, 4, 1),
(58, 1530757448, 4, 1),
(59, 6263885211, 4, 1),
(60, 7727153989, 4, 1),
(61, 9844114588, 4, 1),
(62, 7039111251, 4, 1),
(63, 4663212766, 4, 1),
(64, 1198730356, 4, 1),
(65, 9004013758, 4, 1),
(66, 4423877998, 4, 1),
(67, 3107348995, 4, 1),
(68, 1265111257, 4, 1),
(69, 5003509578, 4, 1),
(70, 2222214395, 4, 1),
(71, 4100543518, 4, 1),
(72, 3836074683, 4, 1),
(73, 5878743138, 4, 1),
(74, 7885491920, 4, 1),
(75, 2791230462, 4, 1),
(76, 7299676826, 4, 1),
(77, 9124693022, 4, 1),
(78, 4724434908, 4, 1),
(79, 4248095751, 4, 1),
(80, 6067174307, 4, 1),
(81, 7591584559, 4, 1),
(82, 9756400150, 4, 1),
(83, 7007247353, 4, 1),
(84, 4767036593, 4, 1),
(85, 1813441181, 4, 1),
(86, 2766096403, 4, 1),
(87, 7390158750, 4, 1),
(88, 9652504818, 4, 1),
(89, 7092048116, 4, 1),
(90, 5502726402, 4, 1),
(91, 5237487941, 4, 1),
(92, 8679260775, 4, 1),
(93, 2507051112, 5, 1),
(94, 4906268026, 5, 1),
(95, 7010187071, 5, 1),
(96, 1332131555, 5, 1),
(97, 2630096839, 5, 1),
(98, 8154089806, 5, 1),
(99, 4880158792, 5, 1),
(100, 7938524817, 5, 1),
(101, 6052147985, 5, 1),
(102, 5445165752, 5, 1),
(103, 8069385084, 5, 1),
(104, 5011428440, 5, 1),
(105, 8848987223, 5, 1),
(106, 1210651073, 5, 1),
(107, 5506293975, 5, 1),
(108, 4899516931, 5, 1),
(109, 6978703008, 5, 1),
(110, 1194964526, 5, 1),
(111, 2038713881, 5, 1),
(112, 5608676106, 5, 1),
(113, 2927239162, 5, 1),
(114, 5810167771, 5, 1),
(115, 1269121646, 5, 1),
(116, 5915105192, 5, 1),
(117, 6768161302, 5, 1),
(118, 6095491209, 5, 1),
(119, 9172972415, 5, 1),
(120, 8578388727, 5, 1),
(121, 5373026668, 5, 1),
(122, 9129967435, 5, 1),
(123, 1530757448, 5, 1),
(124, 6263885211, 5, 1),
(125, 7727153989, 5, 1),
(126, 9844114588, 5, 1),
(127, 7039111251, 5, 1),
(128, 4663212766, 5, 1),
(129, 1198730356, 5, 1),
(130, 9004013758, 5, 1),
(131, 4423877998, 5, 1),
(132, 3107348995, 5, 1),
(133, 1265111257, 5, 1),
(134, 5003509578, 5, 1),
(135, 2222214395, 5, 1),
(136, 4100543518, 5, 1),
(137, 3836074683, 5, 1),
(138, 5878743138, 5, 1),
(139, 7885491920, 5, 1),
(140, 2791230462, 5, 1),
(141, 7299676826, 5, 1),
(142, 9124693022, 5, 1),
(143, 4724434908, 5, 1),
(144, 4248095751, 5, 1),
(145, 6067174307, 5, 1),
(146, 7591584559, 5, 1),
(147, 9756400150, 5, 1),
(148, 7007247353, 5, 1),
(149, 4767036593, 5, 1),
(150, 1813441181, 5, 1),
(151, 2766096403, 5, 1),
(152, 7390158750, 5, 1),
(153, 9652504818, 5, 1),
(154, 7092048116, 5, 1),
(155, 5502726402, 5, 1),
(156, 5237487941, 5, 1),
(157, 8679260775, 5, 1),
(158, 2507051112, 6, 1),
(159, 4906268026, 6, 1),
(160, 7010187071, 6, 1),
(161, 1332131555, 6, 1),
(162, 2630096839, 6, 1),
(163, 8154089806, 6, 1),
(164, 4880158792, 6, 1),
(165, 7938524817, 6, 1),
(166, 6052147985, 6, 1),
(167, 5445165752, 6, 1),
(168, 8069385084, 6, 1),
(169, 5011428440, 6, 1),
(170, 8848987223, 6, 1),
(171, 1210651073, 6, 1),
(172, 5506293975, 6, 1),
(173, 4899516931, 6, 1),
(174, 6978703008, 6, 1),
(175, 1194964526, 6, 1),
(176, 2038713881, 6, 1),
(177, 5608676106, 6, 1),
(178, 2927239162, 6, 1),
(179, 5810167771, 6, 1),
(180, 1269121646, 6, 1),
(181, 5915105192, 6, 1),
(182, 6768161302, 6, 1),
(183, 6095491209, 6, 1),
(184, 9172972415, 6, 1),
(185, 8578388727, 6, 1),
(186, 5373026668, 6, 1),
(187, 9129967435, 6, 1),
(188, 1530757448, 6, 1),
(189, 6263885211, 6, 1),
(190, 7727153989, 6, 1),
(191, 9844114588, 6, 1),
(192, 7039111251, 6, 1),
(193, 4663212766, 6, 1),
(194, 1198730356, 6, 1),
(195, 9004013758, 6, 1),
(196, 4423877998, 6, 1),
(197, 3107348995, 6, 1),
(198, 1265111257, 6, 1),
(199, 5003509578, 6, 1),
(200, 2222214395, 6, 1),
(201, 4100543518, 6, 1),
(202, 3836074683, 6, 1),
(203, 5878743138, 6, 1),
(204, 7885491920, 6, 1),
(205, 2791230462, 6, 1),
(206, 7299676826, 6, 1),
(207, 9124693022, 6, 1),
(208, 4724434908, 6, 1),
(209, 4248095751, 6, 1),
(210, 6067174307, 6, 1),
(211, 7591584559, 6, 1),
(212, 9756400150, 6, 1),
(213, 7007247353, 6, 1),
(214, 4767036593, 6, 1),
(215, 1813441181, 6, 1),
(216, 2766096403, 6, 1),
(217, 7390158750, 6, 1),
(218, 9652504818, 6, 1),
(219, 7092048116, 6, 1),
(220, 5502726402, 6, 1),
(221, 5237487941, 6, 1),
(222, 8679260775, 6, 1),
(223, 2507051112, 7, 1),
(224, 4906268026, 7, 1),
(225, 7010187071, 7, 1),
(226, 1332131555, 7, 1),
(227, 2630096839, 7, 1),
(228, 8154089806, 7, 1),
(229, 4880158792, 7, 1),
(230, 7938524817, 7, 1),
(231, 6052147985, 7, 1),
(232, 5445165752, 7, 1),
(233, 8069385084, 7, 1),
(234, 5011428440, 7, 1),
(235, 8848987223, 7, 1),
(236, 1210651073, 7, 1),
(237, 5506293975, 7, 1),
(238, 4899516931, 7, 1),
(239, 6978703008, 7, 1),
(240, 1194964526, 7, 1),
(241, 2038713881, 7, 1),
(242, 5608676106, 7, 1),
(243, 2927239162, 7, 1),
(244, 5810167771, 7, 1),
(245, 1269121646, 7, 1),
(246, 5915105192, 7, 1),
(247, 6768161302, 7, 1),
(248, 6095491209, 7, 1),
(249, 9172972415, 7, 1),
(250, 8578388727, 7, 1),
(251, 5373026668, 7, 1),
(252, 9129967435, 7, 1),
(253, 1530757448, 7, 1),
(254, 6263885211, 7, 1),
(255, 7727153989, 7, 1),
(256, 9844114588, 7, 1),
(257, 7039111251, 7, 1),
(258, 4663212766, 7, 1),
(259, 1198730356, 7, 1),
(260, 9004013758, 7, 1),
(261, 4423877998, 7, 1),
(262, 3107348995, 7, 1),
(263, 1265111257, 7, 1),
(264, 5003509578, 7, 1),
(265, 2222214395, 7, 1),
(266, 4100543518, 7, 1),
(267, 3836074683, 7, 1),
(268, 5878743138, 7, 1),
(269, 7885491920, 7, 1),
(270, 2791230462, 7, 1),
(271, 7299676826, 7, 1),
(272, 9124693022, 7, 1),
(273, 4724434908, 7, 1),
(274, 4248095751, 7, 1),
(275, 6067174307, 7, 1),
(276, 7591584559, 7, 1),
(277, 9756400150, 7, 1),
(278, 7007247353, 7, 1),
(279, 4767036593, 7, 1),
(280, 1813441181, 7, 1),
(281, 2766096403, 7, 1),
(282, 7390158750, 7, 1),
(283, 9652504818, 7, 1),
(284, 7092048116, 7, 1),
(285, 5502726402, 7, 1),
(286, 5237487941, 7, 1),
(287, 8679260775, 7, 1),
(288, 2507051112, 8, 1),
(289, 4906268026, 8, 1),
(290, 7010187071, 8, 1),
(291, 1332131555, 8, 1),
(292, 2630096839, 8, 1),
(293, 8154089806, 8, 1),
(294, 4880158792, 8, 1),
(295, 7938524817, 8, 1),
(296, 6052147985, 8, 1),
(297, 5445165752, 8, 1),
(298, 8069385084, 8, 1),
(299, 5011428440, 8, 1),
(300, 8848987223, 8, 1),
(301, 1210651073, 8, 1),
(302, 5506293975, 8, 1),
(303, 4899516931, 8, 1),
(304, 6978703008, 8, 1),
(305, 1194964526, 8, 1),
(306, 2038713881, 8, 1),
(307, 5608676106, 8, 1),
(308, 2927239162, 8, 1),
(309, 5810167771, 8, 1),
(310, 1269121646, 8, 1),
(311, 5915105192, 8, 1),
(312, 6768161302, 8, 1),
(313, 6095491209, 8, 1),
(314, 9172972415, 8, 1),
(315, 8578388727, 8, 1),
(316, 5373026668, 8, 1),
(317, 9129967435, 8, 1),
(318, 1530757448, 8, 1),
(319, 6263885211, 8, 1),
(320, 7727153989, 8, 1),
(321, 9844114588, 8, 1),
(322, 7039111251, 8, 1),
(323, 4663212766, 8, 1),
(324, 1198730356, 8, 1),
(325, 9004013758, 8, 1),
(326, 4423877998, 8, 1),
(327, 3107348995, 8, 1),
(328, 1265111257, 8, 1),
(329, 5003509578, 8, 1),
(330, 2222214395, 8, 1),
(331, 4100543518, 8, 1),
(332, 3836074683, 8, 1),
(333, 5878743138, 8, 1),
(334, 7885491920, 8, 1),
(335, 2791230462, 8, 1),
(336, 7299676826, 8, 1),
(337, 9124693022, 8, 1),
(338, 4724434908, 8, 1),
(339, 4248095751, 8, 1),
(340, 6067174307, 8, 1),
(341, 7591584559, 8, 1),
(342, 9756400150, 8, 1),
(343, 7007247353, 8, 1),
(344, 4767036593, 8, 1),
(345, 1813441181, 8, 1),
(346, 2766096403, 8, 1),
(347, 7390158750, 8, 1),
(348, 9652504818, 8, 1),
(349, 7092048116, 8, 1),
(350, 5502726402, 8, 1),
(351, 5237487941, 8, 1),
(352, 8679260775, 8, 1),
(353, 2507051112, 9, 1),
(354, 4906268026, 9, 1),
(355, 7010187071, 9, 1),
(356, 1332131555, 9, 1),
(357, 2630096839, 9, 1),
(358, 8154089806, 9, 1),
(359, 4880158792, 9, 1),
(360, 7938524817, 9, 1),
(361, 6052147985, 9, 1),
(362, 5445165752, 9, 1),
(363, 8069385084, 9, 1),
(364, 5011428440, 9, 1),
(365, 8848987223, 9, 1),
(366, 1210651073, 9, 1),
(367, 5506293975, 9, 1),
(368, 4899516931, 9, 1),
(369, 6978703008, 9, 1),
(370, 1194964526, 9, 1),
(371, 2038713881, 9, 1),
(372, 5608676106, 9, 1),
(373, 2927239162, 9, 1),
(374, 5810167771, 9, 1),
(375, 1269121646, 9, 1),
(376, 5915105192, 9, 1),
(377, 6768161302, 9, 1),
(378, 6095491209, 9, 1),
(379, 9172972415, 9, 1),
(380, 8578388727, 9, 1),
(381, 5373026668, 9, 1),
(382, 9129967435, 9, 1),
(383, 1530757448, 9, 1),
(384, 6263885211, 9, 1),
(385, 7727153989, 9, 1),
(386, 9844114588, 9, 1),
(387, 7039111251, 9, 1),
(388, 4663212766, 9, 1),
(389, 1198730356, 9, 1),
(390, 9004013758, 9, 1),
(391, 4423877998, 9, 1),
(392, 3107348995, 9, 1),
(393, 1265111257, 9, 1),
(394, 5003509578, 9, 1),
(395, 2222214395, 9, 1),
(396, 4100543518, 9, 1),
(397, 3836074683, 9, 1),
(398, 5878743138, 9, 1),
(399, 7885491920, 9, 1),
(400, 2791230462, 9, 1),
(401, 7299676826, 9, 1),
(402, 9124693022, 9, 1),
(403, 4724434908, 9, 1),
(404, 4248095751, 9, 1),
(405, 6067174307, 9, 1),
(406, 7591584559, 9, 1),
(407, 9756400150, 9, 1),
(408, 7007247353, 9, 1),
(409, 4767036593, 9, 1),
(410, 1813441181, 9, 1),
(411, 2766096403, 9, 1),
(412, 7390158750, 9, 1),
(413, 9652504818, 9, 1),
(414, 7092048116, 9, 1),
(415, 5502726402, 9, 1),
(416, 5237487941, 9, 1),
(417, 8679260775, 9, 1);

-- --------------------------------------------------------

--
-- Table structure for table `examcenter`
--

CREATE TABLE `examcenter` (
  `ExamCenterID` int(11) NOT NULL,
  `ExamCenter` text NOT NULL,
  `Status` int(11) NOT NULL
) ENGINE=InnoDB DEFAULT CHARSET=utf8mb4 COLLATE=utf8mb4_general_ci;

--
-- Dumping data for table `examcenter`
--

INSERT INTO `examcenter` (`ExamCenterID`, `ExamCenter`, `Status`) VALUES
(1, 'Sahodaran Ayyappan Smaraka SNDP Yogam College, Konni', 0);

-- --------------------------------------------------------

--
-- Table structure for table `exams`
--

CREATE TABLE `exams` (
  `ExamID` int(11) NOT NULL,
  `ExamName` text NOT NULL,
  `Semester` int(11) NOT NULL,
  `ProgramID` int(11) NOT NULL,
  `AcademicYear` varchar(20) NOT NULL
) ENGINE=InnoDB DEFAULT CHARSET=utf8mb4 COLLATE=utf8mb4_general_ci;

--
-- Dumping data for table `exams`
--

INSERT INTO `exams` (`ExamID`, `ExamName`, `Semester`, `ProgramID`, `AcademicYear`) VALUES
(1, 'FIRST SEMESTER PGCSS EXAMINATION DECEMBER 2024', 1, 1, '2024-26'),
(3, 'SECOND SEMESTER PGCSS EXAMINATION MAY 2025', 2, 1, '2024-26'),
(4, 'FIRST SEMESTER CBCS EXAMINATION JUNE 2022', 1, 2, '2021-24'),
(5, 'SECOND SEMESTER CBCS EXAMINATION OCTOBER 2022', 2, 2, '2021-24'),
(6, 'THIRD SEMESTER CBCS EXAMINATION JANUARY 2023', 3, 2, '2021-24'),
(7, 'FOURTH SEMESTER 2021 ADMISSION REGULAR CBCS EXAMINATION MAY 2023', 4, 2, '2021-24'),
(8, 'FIFTH SEMESTER CBCS EXAMINATION OCTOBER 2023', 5, 2, '2021-24'),
(9, 'SIXTH SEMESTER CBCS EXAMINATION MARCH 2024', 6, 2, '2021-24');

-- --------------------------------------------------------

--
-- Table structure for table `marks`
--

CREATE TABLE `marks` (
  `MarkID` int(11) NOT NULL,
  `AttID` int(11) NOT NULL,
  `CourseCode` varchar(20) NOT NULL,
  `INTS` decimal(10,2) NOT NULL,
  `EXT` decimal(10,2) NOT NULL
) ENGINE=InnoDB DEFAULT CHARSET=utf8mb4 COLLATE=utf8mb4_general_ci;

--
-- Dumping data for table `marks`
--

INSERT INTO `marks` (`MarkID`, `AttID`, `CourseCode`, `INTS`, `EXT`) VALUES
(1, 1, 'CA010101', 5.00, 2.83),
(2, 1, 'CA010102', 4.80, 2.97),
(3, 1, 'CA010103', 5.00, 5.00),
(4, 1, 'CA500101', 4.60, 3.47),
(5, 1, 'CA500102', 5.00, 3.90),
(6, 2, 'CA010101', 4.00, 2.27),
(7, 2, 'CA010102', 3.60, 0.30),
(8, 2, 'CA010103', 4.60, 5.00),
(9, 2, 'CA500101', 3.60, 2.00),
(10, 2, 'CA500102', 3.80, 1.37),
(11, 3, 'CA010101', 4.40, 2.23),
(12, 3, 'CA010102', 4.40, 2.27),
(13, 3, 'CA010103', 4.60, 3.20),
(14, 3, 'CA500101', 3.40, 3.03),
(15, 3, 'CA500102', 3.60, 2.23),
(16, 4, 'CA010101', 4.00, 1.60),
(17, 4, 'CA010102', 3.80, 2.33),
(18, 4, 'CA010103', 4.60, 2.93),
(19, 4, 'CA500101', 3.80, 2.20),
(20, 4, 'CA500102', 4.00, 2.00),
(21, 5, 'CA500102', 4.00, 2.00),
(22, 5, 'CA500101', 4.00, 2.03),
(23, 5, 'CA010103', 4.80, 3.20),
(24, 5, 'CA010102', 4.00, 2.03),
(25, 5, 'CA010101', 4.80, 2.03),
(26, 6, 'CA500102', 5.00, 3.53),
(27, 6, 'CA500101', 5.00, 4.37),
(28, 6, 'CA010103', 5.00, 5.00),
(29, 6, 'CA010102', 5.00, 3.20),
(30, 6, 'CA010101', 5.00, 3.37),
(31, 7, 'CA500102', 3.80, 2.30),
(32, 7, 'CA500101', 4.00, 2.80),
(33, 7, 'CA010103', 4.60, 3.27),
(34, 7, 'CA010101', 4.00, 2.40),
(35, 7, 'CA010102', 3.80, 2.00),
(36, 8, 'CA010101', 4.00, 2.30),
(37, 8, 'CA010102', 4.00, 2.67),
(38, 8, 'CA010103', 4.60, 4.67),
(39, 8, 'CA500101', 3.80, 3.23),
(40, 8, 'CA500102', 4.00, 2.13),
(41, 9, 'CA500102', 4.60, 2.10),
(42, 9, 'CA500101', 4.40, 2.00),
(43, 9, 'CA010103', 4.60, 4.07),
(44, 9, 'CA010102', 4.20, 2.03),
(45, 9, 'CA010101', 4.60, 2.77),
(46, 10, 'CA010101', 5.00, 3.13),
(47, 10, 'CA010102', 5.00, 3.33),
(48, 10, 'CA010103', 5.00, 4.67),
(49, 10, 'CA500101', 4.80, 3.57),
(50, 10, 'CA500102', 4.80, 3.40),
(51, 11, 'CA500102', 3.60, 1.37),
(52, 11, 'CA500101', 3.40, 0.93),
(53, 11, 'CA010103', 4.00, 2.33),
(54, 11, 'CA010102', 3.60, 0.20),
(55, 11, 'CA010101', 3.60, 1.13),
(56, 12, 'CA500102', 4.00, 2.00),
(57, 12, 'CA500101', 4.00, 2.33),
(58, 12, 'CA010103', 4.00, 4.40),
(59, 12, 'CA010102', 4.00, 2.00),
(60, 12, 'CA010101', 4.00, 2.23),
(71, 15, 'CA010201', 5.00, 3.57),
(72, 15, 'CA010202', 5.00, 3.73),
(73, 15, 'CA010203', 5.00, 5.00),
(74, 15, 'CA500201', 5.00, 4.27),
(75, 15, 'CA500202', 5.00, 3.10),
(76, 16, 'CA500202', 4.80, 0.37),
(77, 16, 'CA500201', 4.80, 2.17),
(78, 16, 'CA010203', 5.00, 4.80),
(79, 16, 'CA010202', 4.60, 2.13),
(80, 16, 'CA010201', 4.60, 1.53),
(81, 17, 'CA010201', 4.40, 2.10),
(82, 17, 'CA010202', 4.40, 4.50),
(83, 17, 'CA010203', 4.60, 4.53),
(84, 17, 'CA500201', 4.60, 3.00),
(85, 17, 'CA500202', 4.40, 3.00),
(86, 18, 'CA010201', 4.40, 2.00),
(87, 18, 'CA010202', 4.40, 3.10),
(88, 18, 'CA010203', 4.80, 4.33),
(89, 18, 'CA500201', 4.80, 2.13),
(90, 18, 'CA500202', 4.40, 2.00),
(91, 19, 'CA500202', 4.80, 1.30),
(92, 19, 'CA500201', 4.80, 1.47),
(93, 19, 'CA010203', 4.80, 4.80),
(94, 19, 'CA010202', 4.80, 2.40),
(95, 19, 'CA010201', 4.80, 2.07),
(96, 20, 'CA500202', 5.00, 3.87),
(97, 20, 'CA500201', 5.00, 3.93),
(98, 20, 'CA010203', 5.00, 5.00),
(99, 20, 'CA010202', 5.00, 4.80),
(100, 20, 'CA010201', 5.00, 3.73),
(101, 21, 'CA010201', 4.60, 2.23),
(102, 21, 'CA010202', 4.40, 1.47),
(103, 21, 'CA010203', 4.60, 4.33),
(104, 21, 'CA500201', 4.60, 1.20),
(105, 21, 'CA500202', 4.80, 1.60),
(106, 22, 'CA500202', 4.40, 2.83),
(107, 22, 'CA500201', 4.60, 2.00),
(108, 22, 'CA010203', 5.00, 4.67),
(109, 22, 'CA010202', 4.00, 3.43),
(110, 22, 'CA010201', 4.00, 3.80),
(111, 23, 'CA500202', 4.60, 1.57),
(112, 23, 'CA500201', 4.80, 2.13),
(113, 23, 'CA010203', 4.80, 4.47),
(114, 23, 'CA010202', 4.60, 2.97),
(115, 23, 'CA010201', 4.60, 3.40),
(116, 24, 'CA500202', 5.00, 3.20),
(117, 24, 'CA500201', 5.00, 3.30),
(118, 24, 'CA010203', 5.00, 5.00),
(119, 24, 'CA010202', 5.00, 4.20),
(120, 24, 'CA010201', 5.00, 3.43),
(121, 25, 'CA500202', 3.80, 0.00),
(122, 25, 'CA500201', 3.80, 0.00),
(123, 25, 'CA010203', 3.80, 0.00),
(124, 25, 'CA010202', 3.80, 0.00),
(125, 25, 'CA010201', 3.80, 0.00),
(126, 26, 'CA500202', 4.80, 2.00),
(127, 26, 'CA500201', 5.00, 0.93),
(128, 26, 'CA010203', 5.00, 4.27),
(129, 26, 'CA010202', 4.00, 1.23),
(130, 26, 'CA010201', 4.00, 2.33),
(137, 28, 'EN1CCT01', 17.00, 54.00),
(138, 28, 'CS1CRP01', 18.00, 50.00),
(139, 28, 'CS1CRT01', 18.00, 56.00),
(140, 28, 'CS1CRT02', 17.00, 47.00),
(141, 28, 'MM1CMT03', 17.00, 62.00),
(142, 28, 'ST1CMT31', 17.00, 37.00),
(143, 29, 'EN1CCT01', 18.00, 57.00),
(144, 29, 'CS1CRP01', 19.00, 53.00),
(145, 29, 'CS1CRT01', 18.00, 70.00),
(146, 29, 'CS1CRT02', 18.00, 74.00),
(147, 29, 'MM1CMT03', 15.00, 47.00),
(148, 29, 'ST1CMT31', 18.00, 43.00),
(149, 30, 'EN1CCT01', 19.00, 53.00),
(150, 30, 'CS1CRP01', 19.00, 76.00),
(151, 30, 'CS1CRT01', 18.00, 74.00),
(152, 30, 'CS1CRT02', 19.00, 62.00),
(153, 30, 'MM1CMT03', 15.00, 61.00),
(154, 30, 'ST1CMT31', 16.00, 38.00),
(155, 31, 'EN1CCT01', 18.00, 38.00),
(156, 31, 'CS1CRP01', 18.00, 32.00),
(157, 31, 'CS1CRT01', 18.00, 37.00),
(158, 31, 'CS1CRT02', 17.00, 7.00),
(159, 31, 'MM1CMT03', 14.00, 6.00),
(160, 31, 'ST1CMT31', 17.00, 10.00),
(161, 32, 'EN1CCT01', 17.00, 36.00),
(162, 32, 'CS1CRP01', 16.00, 34.00),
(163, 32, 'CS1CRT01', 18.00, 25.00),
(164, 32, 'CS1CRT02', 15.00, 24.00),
(165, 32, 'MM1CMT03', 11.00, 9.00),
(166, 32, 'ST1CMT31', 15.00, 5.00),
(167, 33, 'EN1CCT01', 17.00, 37.00),
(168, 33, 'CS1CRP01', 17.00, 32.00),
(169, 33, 'CS1CRT01', 18.00, 39.00),
(170, 33, 'CS1CRT02', 17.00, 24.00),
(171, 33, 'MM1CMT03', 12.00, 31.00),
(172, 33, 'ST1CMT31', 15.00, 24.00),
(173, 34, 'EN1CCT01', 18.00, 51.00),
(174, 34, 'CS1CRP01', 19.00, 61.00),
(175, 34, 'CS1CRT01', 20.00, 64.00),
(176, 34, 'CS1CRT02', 18.00, 47.00),
(177, 34, 'MM1CMT03', 18.00, 55.00),
(178, 34, 'ST1CMT31', 18.00, 36.00),
(179, 35, 'EN1CCT01', 17.00, 74.00),
(180, 35, 'CS1CRP01', 18.00, 64.00),
(181, 35, 'CS1CRT01', 20.00, 66.00),
(182, 35, 'CS1CRT02', 18.00, 54.00),
(183, 35, 'MM1CMT03', 20.00, 80.00),
(184, 35, 'ST1CMT31', 20.00, 50.00),
(185, 36, 'EN1CCT01', 18.00, 38.00),
(186, 36, 'CS1CRP01', 18.00, 40.00),
(187, 36, 'CS1CRT01', 18.00, 45.00),
(188, 36, 'CS1CRT02', 18.00, 31.00),
(189, 36, 'MM1CMT03', 14.00, 48.00),
(190, 36, 'ST1CMT31', 17.00, 31.00),
(191, 37, 'EN1CCT01', 17.00, 41.00),
(192, 37, 'CS1CRP01', 17.00, 46.00),
(193, 37, 'CS1CRT01', 18.00, 29.00),
(194, 37, 'CS1CRT02', 16.00, 13.00),
(195, 37, 'MM1CMT03', 14.00, 33.00),
(196, 37, 'ST1CMT31', 17.00, 30.00),
(197, 38, 'EN1CCT01', 19.00, 71.00),
(198, 38, 'CS1CRP01', 20.00, 79.00),
(199, 38, 'CS1CRT01', 20.00, 80.00),
(200, 38, 'CS1CRT02', 20.00, 51.00),
(201, 38, 'MM1CMT03', 17.00, 69.00),
(202, 38, 'ST1CMT31', 20.00, 63.00),
(203, 39, 'EN1CCT01', 18.00, 50.00),
(204, 39, 'CS1CRP01', 18.00, 39.00),
(205, 39, 'CS1CRT01', 18.00, 27.00),
(206, 39, 'CS1CRT02', 18.00, 12.00),
(207, 39, 'MM1CMT03', 15.00, 25.00),
(208, 39, 'ST1CMT31', 16.00, 24.00),
(209, 40, 'EN1CCT01', 17.00, 69.00),
(210, 40, 'CS1CRP01', 18.00, 61.00),
(211, 40, 'CS1CRT01', 19.00, 64.00),
(212, 40, 'CS1CRT02', 17.00, 60.00),
(213, 40, 'MM1CMT03', 17.00, 80.00),
(214, 40, 'ST1CMT31', 18.00, 57.00),
(215, 41, 'EN1CCT01', 17.00, 41.00),
(216, 41, 'CS1CRP01', 17.00, 40.00),
(217, 41, 'CS1CRT01', 18.00, 30.00),
(218, 41, 'CS1CRT02', 17.00, 25.00),
(219, 41, 'MM1CMT03', 17.00, 29.00),
(220, 41, 'ST1CMT31', 17.00, 24.00),
(221, 42, 'EN1CCT01', 17.00, 53.00),
(222, 42, 'CS1CRP01', 18.00, 47.00),
(223, 42, 'CS1CRT01', 19.00, 59.00),
(224, 42, 'CS1CRT02', 18.00, 29.00),
(225, 42, 'MM1CMT03', 16.00, 62.00),
(226, 42, 'ST1CMT31', 19.00, 50.00),
(227, 43, 'EN1CCT01', 18.00, 65.00),
(228, 43, 'CS1CRP01', 18.00, 40.00),
(229, 43, 'CS1CRT01', 19.00, 24.00),
(230, 43, 'CS1CRT02', 18.00, 47.00),
(231, 43, 'MM1CMT03', 14.00, 50.00),
(232, 43, 'ST1CMT31', 16.00, 24.00),
(233, 44, 'EN1CCT01', 19.00, 60.00),
(234, 44, 'CS1CRP01', 20.00, 55.00),
(235, 44, 'CS1CRT01', 19.00, 63.00),
(236, 44, 'CS1CRT02', 19.00, 63.00),
(237, 44, 'MM1CMT03', 16.00, 74.00),
(238, 44, 'ST1CMT31', 20.00, 50.00),
(239, 45, 'EN1CCT01', 18.00, 65.00),
(240, 45, 'CS1CRP01', 19.00, 41.00),
(241, 45, 'CS1CRT01', 20.00, 46.00),
(242, 45, 'CS1CRT02', 18.00, 44.00),
(243, 45, 'MM1CMT03', 17.00, 38.00),
(244, 45, 'ST1CMT31', 19.00, 36.00),
(245, 46, 'EN1CCT01', 19.00, 63.00),
(246, 46, 'CS1CRP01', 19.00, 64.00),
(247, 46, 'CS1CRT01', 20.00, 78.00),
(248, 46, 'CS1CRT02', 19.00, 56.00),
(249, 46, 'MM1CMT03', 20.00, 80.00),
(250, 46, 'ST1CMT31', 20.00, 61.00),
(251, 47, 'EN1CCT01', 17.00, 45.00),
(252, 47, 'CS1CRP01', 18.00, 42.00),
(253, 47, 'CS1CRT01', 18.00, 38.00),
(254, 47, 'CS1CRT02', 17.00, 39.00),
(255, 47, 'MM1CMT03', 20.00, 49.00),
(256, 47, 'ST1CMT31', 18.00, 24.00),
(257, 48, 'EN1CCT01', 17.00, 60.00),
(258, 48, 'CS1CRP01', 18.00, 34.00),
(259, 48, 'CS1CRT01', 18.00, 47.00),
(260, 48, 'CS1CRT02', 17.00, 32.00),
(261, 48, 'MM1CMT03', 12.00, 47.00),
(262, 48, 'ST1CMT31', 17.00, 29.00),
(263, 49, 'EN1CCT01', 18.00, 63.00),
(264, 49, 'CS1CRP01', 19.00, 68.00),
(265, 49, 'CS1CRT01', 18.00, 49.00),
(266, 49, 'CS1CRT02', 18.00, 52.00),
(267, 49, 'MM1CMT03', 19.00, 69.00),
(268, 49, 'ST1CMT31', 19.00, 63.00),
(269, 50, 'EN1CCT01', 17.00, 51.00),
(270, 50, 'CS1CRP01', 17.00, 43.00),
(271, 50, 'CS1CRT01', 19.00, 49.00),
(272, 50, 'CS1CRT02', 16.00, 37.00),
(273, 50, 'MM1CMT03', 17.00, 59.00),
(274, 50, 'ST1CMT31', 20.00, 25.00),
(275, 51, 'EN1CCT01', 18.00, 52.00),
(276, 51, 'CS1CRP01', 18.00, 61.00),
(277, 51, 'CS1CRT01', 19.00, 38.00),
(278, 51, 'CS1CRT02', 18.00, 51.00),
(279, 51, 'MM1CMT03', 16.00, 72.00),
(280, 51, 'ST1CMT31', 18.00, 39.00),
(281, 52, 'EN1CCT01', 19.00, 66.00),
(282, 52, 'CS1CRP01', 20.00, 72.00),
(283, 52, 'CS1CRT01', 20.00, 66.00),
(284, 52, 'CS1CRT02', 20.00, 45.00),
(285, 52, 'MM1CMT03', 15.00, 69.00),
(286, 52, 'ST1CMT31', 18.00, 45.00),
(287, 53, 'EN1CCT01', 18.00, 50.00),
(288, 53, 'CS1CRP01', 18.00, 32.00),
(289, 53, 'CS1CRT01', 19.00, 58.00),
(290, 53, 'CS1CRT02', 18.00, 46.00),
(291, 53, 'MM1CMT03', 19.00, 68.00),
(292, 53, 'ST1CMT31', 19.00, 36.00),
(293, 54, 'EN1CCT01', 17.00, 58.00),
(294, 54, 'CS1CRP01', 18.00, 43.00),
(295, 54, 'CS1CRT01', 18.00, 64.00),
(296, 54, 'CS1CRT02', 17.00, 36.00),
(297, 54, 'MM1CMT03', 19.00, 70.00),
(298, 54, 'ST1CMT31', 19.00, 36.00),
(299, 55, 'EN1CCT01', 17.00, 49.00),
(300, 55, 'CS1CRP01', 18.00, 41.00),
(301, 55, 'CS1CRT01', 18.00, 36.00),
(302, 55, 'CS1CRT02', 17.00, 35.00),
(303, 55, 'MM1CMT03', 13.00, 57.00),
(304, 55, 'ST1CMT31', 16.00, 24.00),
(305, 56, 'EN1CCT01', 17.00, 55.00),
(306, 56, 'CS1CRP01', 17.00, 16.00),
(307, 56, 'CS1CRT01', 18.00, 40.00),
(308, 56, 'CS1CRT02', 16.00, 30.00),
(309, 56, 'MM1CMT03', 15.00, 29.00),
(310, 56, 'ST1CMT31', 18.00, 24.00),
(311, 57, 'EN1CCT01', 17.00, 47.00),
(312, 57, 'CS1CRP01', 17.00, 41.00),
(313, 57, 'CS1CRT01', 18.00, 44.00),
(314, 57, 'CS1CRT02', 16.00, 13.00),
(315, 57, 'MM1CMT03', 15.00, 52.00),
(316, 57, 'ST1CMT31', 17.00, 24.00),
(317, 58, 'EN1CCT01', 17.00, 62.00),
(318, 58, 'CS1CRP01', 16.00, 42.00),
(319, 58, 'CS1CRT01', 18.00, 56.00),
(320, 58, 'CS1CRT02', 16.00, 37.00),
(321, 58, 'MM1CMT03', 12.00, 66.00),
(322, 58, 'ST1CMT31', 20.00, 41.00),
(323, 59, 'EN1CCT01', 17.00, 68.00),
(324, 59, 'CS1CRP01', 17.00, 38.00),
(325, 59, 'CS1CRT01', 17.00, 45.00),
(326, 59, 'CS1CRT02', 17.00, 38.00),
(327, 59, 'MM1CMT03', 13.00, 28.00),
(328, 59, 'ST1CMT31', 16.00, 24.00),
(329, 60, 'EN1CCT01', 17.00, 29.00),
(330, 60, 'CS1CRP01', 17.00, 17.00),
(331, 60, 'CS1CRT01', 17.00, 9.00),
(332, 60, 'CS1CRT02', 17.00, 6.00),
(333, 60, 'MM1CMT03', 14.00, 24.00),
(334, 60, 'ST1CMT31', 15.00, 1.00),
(335, 61, 'EN1CCT01', 17.00, 36.00),
(336, 61, 'CS1CRP01', 16.00, 32.00),
(337, 61, 'CS1CRT01', 17.00, 41.00),
(338, 61, 'CS1CRT02', 16.00, 5.00),
(339, 61, 'MM1CMT03', 13.00, 25.00),
(340, 61, 'ST1CMT31', 19.00, 8.00),
(341, 62, 'EN1CCT01', 17.00, 51.00),
(342, 62, 'CS1CRP01', 17.00, 33.00),
(343, 62, 'CS1CRT01', 17.00, 47.00),
(344, 62, 'CS1CRT02', 17.00, 30.00),
(345, 62, 'MM1CMT03', 13.00, 47.00),
(346, 62, 'ST1CMT31', 16.00, 12.00),
(347, 63, 'EN1CCT01', 17.00, 46.00),
(348, 63, 'CS1CRP01', 18.00, 32.00),
(349, 63, 'CS1CRT01', 18.00, 36.00),
(350, 63, 'CS1CRT02', 17.00, 30.00),
(351, 63, 'MM1CMT03', 13.00, 35.00),
(352, 63, 'ST1CMT31', 18.00, 9.00),
(353, 64, 'EN1CCT01', 18.00, 52.00),
(354, 64, 'CS1CRP01', 19.00, 40.00),
(355, 64, 'CS1CRT01', 18.00, 41.00),
(356, 64, 'CS1CRT02', 18.00, 32.00),
(357, 64, 'MM1CMT03', 17.00, 34.00),
(358, 64, 'ST1CMT31', 18.00, 7.00),
(359, 65, 'EN1CCT01', 17.00, 60.00),
(360, 65, 'CS1CRP01', 18.00, 45.00),
(361, 65, 'CS1CRT01', 20.00, 51.00),
(362, 65, 'CS1CRT02', 17.00, 28.00),
(363, 65, 'MM1CMT03', 14.00, 34.00),
(364, 65, 'ST1CMT31', 18.00, 29.00),
(365, 66, 'EN1CCT01', 19.00, 67.00),
(366, 66, 'CS1CRP01', 20.00, 50.00),
(367, 66, 'CS1CRT01', 19.00, 71.00),
(368, 66, 'CS1CRT02', 20.00, 50.00),
(369, 66, 'MM1CMT03', 13.00, 61.00),
(370, 66, 'ST1CMT31', 18.00, 47.00),
(371, 67, 'EN1CCT01', 19.00, 69.00),
(372, 67, 'CS1CRP01', 20.00, 68.00),
(373, 67, 'CS1CRT01', 20.00, 70.00),
(374, 67, 'CS1CRT02', 20.00, 68.00),
(375, 67, 'MM1CMT03', 19.00, 80.00),
(376, 67, 'ST1CMT31', 20.00, 72.00),
(377, 68, 'EN1CCT01', 18.00, 71.00),
(378, 68, 'CS1CRP01', 18.00, 42.00),
(379, 68, 'CS1CRT01', 20.00, 55.00),
(380, 68, 'CS1CRT02', 17.00, 32.00),
(381, 68, 'MM1CMT03', 19.00, 71.00),
(382, 68, 'ST1CMT31', 18.00, 24.00),
(383, 69, 'EN1CCT01', 18.00, 52.00),
(384, 69, 'CS1CRP01', 18.00, 60.00),
(385, 69, 'CS1CRT01', 17.00, 44.00),
(386, 69, 'CS1CRT02', 18.00, 31.00),
(387, 69, 'MM1CMT03', 17.00, 66.00),
(388, 69, 'ST1CMT31', 16.00, 25.00),
(389, 70, 'EN1CCT01', 17.00, 29.00),
(390, 70, 'CS1CRP01', 17.00, 64.00),
(391, 70, 'CS1CRT01', 18.00, 40.00),
(392, 70, 'CS1CRT02', 17.00, 32.00),
(393, 70, 'MM1CMT03', 14.00, 44.00),
(394, 70, 'ST1CMT31', 16.00, 24.00),
(395, 71, 'EN1CCT01', 18.00, 45.00),
(396, 71, 'CS1CRP01', 19.00, 46.00),
(397, 71, 'CS1CRT01', 19.00, 45.00),
(398, 71, 'CS1CRT02', 18.00, 34.00),
(399, 71, 'MM1CMT03', 16.00, 48.00),
(400, 71, 'ST1CMT31', 19.00, 31.00),
(401, 72, 'EN1CCT01', 17.00, 56.00),
(402, 72, 'CS1CRP01', 17.00, 64.00),
(403, 72, 'CS1CRT01', 19.00, 56.00),
(404, 72, 'CS1CRT02', 17.00, 33.00),
(405, 72, 'MM1CMT03', 15.00, 60.00),
(406, 72, 'ST1CMT31', 17.00, 30.00),
(407, 73, 'EN1CCT01', 18.00, 72.00),
(408, 73, 'CS1CRP01', 18.00, 52.00),
(409, 73, 'CS1CRT01', 19.00, 47.00),
(410, 73, 'CS1CRT02', 18.00, 39.00),
(411, 73, 'MM1CMT03', 18.00, 68.00),
(412, 73, 'ST1CMT31', 20.00, 38.00),
(413, 74, 'EN1CCT01', 18.00, 60.00),
(414, 74, 'CS1CRP01', 18.00, 46.00),
(415, 74, 'CS1CRT01', 19.00, 53.00),
(416, 74, 'CS1CRT02', 18.00, 38.00),
(417, 74, 'MM1CMT03', 14.00, 68.00),
(418, 74, 'ST1CMT31', 18.00, 24.00),
(419, 75, 'EN1CCT01', 18.00, 69.00),
(420, 75, 'CS1CRP01', 18.00, 55.00),
(421, 75, 'CS1CRT01', 19.00, 53.00),
(422, 75, 'CS1CRT02', 18.00, 37.00),
(423, 75, 'MM1CMT03', 16.00, 71.00),
(424, 75, 'ST1CMT31', 19.00, 29.00),
(425, 76, 'EN1CCT01', 18.00, 63.00),
(426, 76, 'CS1CRP01', 18.00, 63.00),
(427, 76, 'CS1CRT01', 20.00, 56.00),
(428, 76, 'CS1CRT02', 18.00, 44.00),
(429, 76, 'MM1CMT03', 17.00, 64.00),
(430, 76, 'ST1CMT31', 18.00, 33.00),
(431, 77, 'EN1CCT01', 18.00, 58.00),
(432, 77, 'CS1CRP01', 18.00, 57.00),
(433, 77, 'CS1CRT01', 19.00, 67.00),
(434, 77, 'CS1CRT02', 17.00, 58.00),
(435, 77, 'MM1CMT03', 14.00, 71.00),
(436, 77, 'ST1CMT31', 18.00, 37.00),
(437, 78, 'EN1CCT01', 17.00, 45.00),
(438, 78, 'CS1CRP01', 17.00, 15.00),
(439, 78, 'CS1CRT01', 19.00, 44.00),
(440, 78, 'CS1CRT02', 16.00, 7.00),
(441, 78, 'MM1CMT03', 13.00, 33.00),
(442, 78, 'ST1CMT31', 19.00, 27.00),
(443, 79, 'EN1CCT01', 17.00, 69.00),
(444, 79, 'CS1CRP01', 18.00, 54.00),
(445, 79, 'CS1CRT01', 19.00, 52.00),
(446, 79, 'CS1CRT02', 17.00, 47.00),
(447, 79, 'MM1CMT03', 16.00, 70.00),
(448, 79, 'ST1CMT31', 19.00, 41.00),
(449, 80, 'EN1CCT01', 17.00, 37.00),
(450, 80, 'CS1CRP01', 18.00, 56.00),
(451, 80, 'CS1CRT01', 19.00, 44.00),
(452, 80, 'CS1CRT02', 17.00, 29.00),
(453, 80, 'MM1CMT03', 14.00, 65.00),
(454, 80, 'ST1CMT31', 18.00, 48.00),
(455, 81, 'EN1CCT01', 17.00, 44.00),
(456, 81, 'CS1CRP01', 17.00, 32.00),
(457, 81, 'CS1CRT01', 17.00, 26.00),
(458, 81, 'CS1CRT02', 16.00, 24.00),
(459, 81, 'MM1CMT03', 12.00, 50.00),
(460, 81, 'ST1CMT31', 15.00, 24.00),
(461, 82, 'EN1CCT01', 17.00, 41.00),
(462, 82, 'CS1CRP01', 16.00, 47.00),
(463, 82, 'CS1CRT01', 17.00, 24.00),
(464, 82, 'CS1CRT02', 15.00, 12.00),
(465, 82, 'MM1CMT03', 13.00, 17.00),
(466, 82, 'ST1CMT31', 18.00, 2.00),
(467, 83, 'EN1CCT01', 17.00, 32.00),
(468, 83, 'CS1CRP01', 16.00, 32.00),
(469, 83, 'CS1CRT01', 17.00, 24.00),
(470, 83, 'CS1CRT02', 16.00, 24.00),
(471, 83, 'MM1CMT03', 13.00, 33.00),
(472, 83, 'ST1CMT31', 17.00, 24.00),
(473, 84, 'EN1CCT01', 17.00, 66.00),
(474, 84, 'CS1CRP01', 16.00, 32.00),
(475, 84, 'CS1CRT01', 18.00, 49.00),
(476, 84, 'CS1CRT02', 16.00, 28.00),
(477, 84, 'MM1CMT03', 14.00, 42.00),
(478, 84, 'ST1CMT31', 16.00, 28.00),
(479, 85, 'EN1CCT01', 17.00, 59.00),
(480, 85, 'CS1CRP01', 19.00, 56.00),
(481, 85, 'CS1CRT01', 19.00, 70.00),
(482, 85, 'CS1CRT02', 18.00, 48.00),
(483, 85, 'MM1CMT03', 12.00, 68.00),
(484, 85, 'ST1CMT31', 19.00, 64.00),
(485, 86, 'EN1CCT01', 17.00, 70.00),
(486, 86, 'CS1CRP01', 18.00, 64.00),
(487, 86, 'CS1CRT01', 19.00, 48.00),
(488, 86, 'CS1CRT02', 17.00, 34.00),
(489, 86, 'MM1CMT03', 16.00, 77.00),
(490, 86, 'ST1CMT31', 18.00, 69.00),
(491, 87, 'EN1CCT01', 17.00, 35.00),
(492, 87, 'CS1CRP01', 17.00, 32.00),
(493, 87, 'CS1CRT01', 17.00, 28.00),
(494, 87, 'CS1CRT02', 17.00, 9.00),
(495, 87, 'MM1CMT03', 13.00, 49.00),
(496, 87, 'ST1CMT31', 18.00, 53.00),
(497, 88, 'EN1CCT01', 18.00, 53.00),
(498, 88, 'CS1CRP01', 18.00, 46.00),
(499, 88, 'CS1CRT01', 19.00, 25.00),
(500, 88, 'CS1CRT02', 18.00, 24.00),
(501, 88, 'MM1CMT03', 14.00, 56.00),
(502, 88, 'ST1CMT31', 20.00, 41.00),
(503, 89, 'EN1CCT01', 19.00, 73.00),
(504, 89, 'CS1CRP01', 20.00, 79.00),
(505, 89, 'CS1CRT01', 20.00, 69.00),
(506, 89, 'CS1CRT02', 20.00, 55.00),
(507, 89, 'MM1CMT03', 19.00, 76.00),
(508, 89, 'ST1CMT31', 20.00, 70.00),
(509, 90, 'EN1CCT01', 18.00, 54.00),
(510, 90, 'CS1CRP01', 17.00, 43.00),
(511, 90, 'CS1CRT01', 18.00, 39.00),
(512, 90, 'CS1CRT02', 17.00, 25.00),
(513, 90, 'MM1CMT03', 17.00, 56.00),
(514, 90, 'ST1CMT31', 20.00, 35.00),
(515, 91, 'EN1CCT01', 17.00, 32.00),
(516, 91, 'CS1CRP01', 19.00, 35.00),
(517, 91, 'CS1CRT01', 18.00, 24.00),
(518, 91, 'CS1CRT02', 18.00, 24.00),
(519, 91, 'MM1CMT03', 13.00, 10.00),
(520, 91, 'ST1CMT31', 15.00, 10.00),
(521, 92, 'EN1CCT01', 17.00, 48.00),
(522, 92, 'CS1CRP01', 17.00, 45.00),
(523, 92, 'CS1CRT01', 18.00, 29.00),
(524, 92, 'CS1CRT02', 16.00, 27.00),
(525, 92, 'MM1CMT03', 15.00, 25.00),
(526, 92, 'ST1CMT31', 17.00, 24.00),
(527, 93, 'EN2CCT03', 17.00, 29.00),
(528, 93, 'CS2CRP02', 18.00, 42.00),
(529, 93, 'CS2CRT04', 17.00, 12.00),
(530, 93, 'CS2CRT05', 14.00, 31.00),
(531, 93, 'CS2CRT06', 18.00, 29.00),
(532, 93, 'MM2CMT03', 17.00, 42.00),
(533, 94, 'EN2CCT03', 18.00, 37.00),
(534, 94, 'CS2CRP02', 19.00, 40.00),
(535, 94, 'CS2CRT04', 17.00, 25.00),
(536, 94, 'CS2CRT05', 17.00, 28.00),
(537, 94, 'CS2CRT06', 19.00, 25.00),
(538, 94, 'MM2CMT03', 16.00, 46.00),
(539, 95, 'EN2CCT03', 19.00, 28.00),
(540, 95, 'CS2CRP02', 20.00, 78.00),
(541, 95, 'CS2CRT04', 18.00, 40.00),
(542, 95, 'CS2CRT05', 19.00, 41.00),
(543, 95, 'CS2CRT06', 19.00, 44.00),
(544, 95, 'MM2CMT03', 14.00, 40.00),
(545, 96, 'EN2CCT03', 18.00, 14.00),
(546, 96, 'CS2CRP02', 18.00, 28.00),
(547, 96, 'CS2CRT04', 17.00, 9.00),
(548, 96, 'CS2CRT05', 17.00, 16.00),
(549, 96, 'CS2CRT06', 18.00, 1.00),
(550, 96, 'MM2CMT03', 16.00, 32.00),
(551, 97, 'EN2CCT03', 17.00, 15.00),
(552, 97, 'CS2CRP02', 17.00, 28.00),
(553, 97, 'CS2CRT04', 17.00, 4.00),
(554, 97, 'CS2CRT05', 17.00, 11.00),
(555, 97, 'CS2CRT06', 16.00, 1.00),
(556, 97, 'MM2CMT03', 14.00, 24.00),
(557, 98, 'EN2CCT03', 17.00, 11.00),
(558, 98, 'CS2CRP02', 17.00, 28.00),
(559, 98, 'CS2CRT04', 15.00, 9.00),
(560, 98, 'CS2CRT05', 15.00, 24.00),
(561, 98, 'CS2CRT06', 18.00, 5.00),
(562, 98, 'MM2CMT03', 14.00, 35.00),
(563, 99, 'EN2CCT03', 18.00, 34.00),
(564, 99, 'CS2CRP02', 19.00, 79.00),
(565, 99, 'CS2CRT04', 18.00, 35.00),
(566, 99, 'CS2CRT05', 17.00, 37.00),
(567, 99, 'CS2CRT06', 18.00, 24.00),
(568, 99, 'MM2CMT03', 16.00, 43.00),
(569, 100, 'EN2CCT03', 17.00, 43.00),
(570, 100, 'CS2CRP02', 18.00, 60.00),
(571, 100, 'CS2CRT04', 20.00, 58.00),
(572, 100, 'CS2CRT05', 20.00, 43.00),
(573, 100, 'CS2CRT06', 18.00, 31.00),
(574, 100, 'MM2CMT03', 20.00, 67.00),
(575, 101, 'EN2CCT03', 18.00, 25.00),
(576, 101, 'CS2CRP02', 18.00, 30.00),
(577, 101, 'CS2CRT04', 17.00, 25.00),
(578, 101, 'CS2CRT05', 17.00, 28.00),
(579, 101, 'CS2CRT06', 18.00, 7.00),
(580, 101, 'MM2CMT03', 15.00, 38.00),
(581, 102, 'EN2CCT03', 17.00, 25.00),
(582, 102, 'CS2CRP02', 18.00, 30.00),
(583, 102, 'CS2CRT04', 16.00, 25.00),
(584, 102, 'CS2CRT05', 17.00, 25.00),
(585, 102, 'CS2CRT06', 17.00, 4.00),
(586, 102, 'MM2CMT03', 15.00, 25.00),
(587, 103, 'EN2CCT03', 19.00, 44.00),
(588, 103, 'CS2CRP02', 20.00, 68.00),
(589, 103, 'CS2CRT04', 19.00, 41.00),
(590, 103, 'CS2CRT05', 20.00, 30.00),
(591, 103, 'CS2CRT06', 20.00, 41.00),
(592, 103, 'MM2CMT03', 16.00, 60.00),
(593, 104, 'EN2CCT03', 18.00, 24.00),
(594, 104, 'CS2CRP02', 18.00, 40.00),
(595, 104, 'CS2CRT04', 16.00, 4.00),
(596, 104, 'CS2CRT05', 19.00, 25.00),
(597, 104, 'CS2CRT06', 18.00, 14.00),
(598, 104, 'MM2CMT03', 16.00, 32.00),
(599, 105, 'EN2CCT03', 17.00, 47.00),
(600, 105, 'CS2CRP02', 18.00, 55.00),
(601, 105, 'CS2CRT04', 18.00, 63.00),
(602, 105, 'CS2CRT05', 17.00, 42.00),
(603, 105, 'CS2CRT06', 18.00, 34.00),
(604, 105, 'MM2CMT03', 16.00, 66.00),
(605, 106, 'EN2CCT03', 17.00, 13.00),
(606, 106, 'CS2CRP02', 18.00, 26.00),
(607, 106, 'CS2CRT04', 15.00, 29.00),
(608, 106, 'CS2CRT05', 20.00, 24.00),
(609, 106, 'CS2CRT06', 18.00, 11.00),
(610, 106, 'MM2CMT03', 19.00, 33.00),
(611, 107, 'EN2CCT03', 17.00, 24.00),
(612, 107, 'CS2CRP02', 18.00, 26.00),
(613, 107, 'CS2CRT04', 17.00, 11.00),
(614, 107, 'CS2CRT05', 16.00, 16.00),
(615, 107, 'CS2CRT06', 18.00, 8.00),
(616, 107, 'MM2CMT03', 14.00, 48.00),
(617, 108, 'EN2CCT03', 18.00, 1.00),
(618, 108, 'CS2CRP02', 18.00, 35.00),
(619, 108, 'CS2CRT04', 16.00, 7.00),
(620, 108, 'CS2CRT05', 16.00, 24.00),
(621, 108, 'CS2CRT06', 18.00, 4.00),
(622, 108, 'MM2CMT03', 12.00, 24.00),
(623, 109, 'EN2CCT03', 19.00, 44.00),
(624, 109, 'CS2CRP02', 20.00, 50.00),
(625, 109, 'CS2CRT04', 20.00, 49.00),
(626, 109, 'CS2CRT05', 19.00, 50.00),
(627, 109, 'CS2CRT06', 19.00, 50.00),
(628, 109, 'MM2CMT03', 14.00, 76.00),
(629, 110, 'EN2CCT03', 18.00, 40.00),
(630, 110, 'CS2CRP02', 19.00, 40.00),
(631, 110, 'CS2CRT04', 19.00, 38.00),
(632, 110, 'CS2CRT05', 15.00, 44.00),
(633, 110, 'CS2CRT06', 19.00, 24.00),
(634, 110, 'MM2CMT03', 12.00, 37.00),
(635, 111, 'EN2CCT03', 19.00, 44.00),
(636, 111, 'CS2CRP02', 19.00, 45.00),
(637, 111, 'CS2CRT04', 19.00, 56.00),
(638, 111, 'CS2CRT05', 20.00, 71.00),
(639, 111, 'CS2CRT06', 19.00, 47.00),
(640, 111, 'MM2CMT03', 19.00, 75.00),
(641, 112, 'EN2CCT03', 17.00, 16.00),
(642, 112, 'CS2CRP02', 19.00, 32.00),
(643, 112, 'CS2CRT04', 18.00, 27.00),
(644, 112, 'CS2CRT05', 17.00, 29.00),
(645, 112, 'CS2CRT06', 18.00, 7.00),
(646, 112, 'MM2CMT03', 14.00, 26.00),
(647, 113, 'EN2CCT03', 17.00, 30.00),
(648, 113, 'CS2CRP02', 19.00, 50.00),
(649, 113, 'CS2CRT04', 18.00, 41.00),
(650, 113, 'CS2CRT05', 20.00, 33.00),
(651, 113, 'CS2CRT06', 18.00, 8.00),
(652, 113, 'MM2CMT03', 20.00, 44.00),
(653, 114, 'EN2CCT03', 18.00, 35.00),
(654, 114, 'CS2CRP02', 19.00, 55.00),
(655, 114, 'CS2CRT04', 19.00, 47.00),
(656, 114, 'CS2CRT05', 16.00, 27.00),
(657, 114, 'CS2CRT06', 18.00, 24.00),
(658, 114, 'MM2CMT03', 17.00, 63.00),
(659, 115, 'EN2CCT03', 17.00, 44.00),
(660, 115, 'CS2CRP02', 18.00, 60.00),
(661, 115, 'CS2CRT04', 17.00, 38.00),
(662, 115, 'CS2CRT05', 18.00, 34.00),
(663, 115, 'CS2CRT06', 17.00, 25.00),
(664, 115, 'MM2CMT03', 12.00, 42.00),
(665, 116, 'EN2CCT03', 18.00, 32.00),
(666, 116, 'CS2CRP02', 18.00, 50.00),
(667, 116, 'CS2CRT04', 19.00, 36.00),
(668, 116, 'CS2CRT05', 18.00, 44.00),
(669, 116, 'CS2CRT06', 18.00, 24.00),
(670, 116, 'MM2CMT03', 14.00, 52.00),
(671, 117, 'EN2CCT03', 19.00, 35.00),
(672, 117, 'CS2CRP02', 20.00, 79.00),
(673, 117, 'CS2CRT04', 20.00, 46.00),
(674, 117, 'CS2CRT05', 18.00, 46.00),
(675, 117, 'CS2CRT06', 20.00, 42.00),
(676, 117, 'MM2CMT03', 17.00, 66.00),
(677, 118, 'EN2CCT03', 18.00, 29.00),
(678, 118, 'CS2CRP02', 19.00, 32.00),
(679, 118, 'CS2CRT04', 15.00, 46.00),
(680, 118, 'CS2CRT05', 18.00, 44.00),
(681, 118, 'CS2CRT06', 18.00, 37.00),
(682, 118, 'MM2CMT03', 20.00, 64.00),
(683, 119, 'EN2CCT03', 17.00, 24.00),
(684, 119, 'CS2CRP02', 18.00, 55.00),
(685, 119, 'CS2CRT04', 18.00, 48.00),
(686, 119, 'CS2CRT05', 18.00, 37.00),
(687, 119, 'CS2CRT06', 18.00, 24.00),
(688, 119, 'MM2CMT03', 19.00, 73.00),
(689, 120, 'EN2CCT03', 17.00, 5.00),
(690, 120, 'CS2CRP02', 18.00, 30.00),
(691, 120, 'CS2CRT04', 18.00, 26.00),
(692, 120, 'CS2CRT05', 16.00, 24.00),
(693, 120, 'CS2CRT06', 18.00, 24.00),
(694, 120, 'MM2CMT03', 13.00, 25.00),
(695, 121, 'EN2CCT03', 17.00, 24.00),
(696, 121, 'CS2CRP02', 18.00, 28.00),
(697, 121, 'CS2CRT04', 17.00, 11.00),
(698, 121, 'CS2CRT05', 18.00, 17.00),
(699, 121, 'CS2CRT06', 17.00, 1.00),
(700, 121, 'MM2CMT03', 17.00, 8.00),
(701, 122, 'EN2CCT03', 17.00, 24.00),
(702, 122, 'CS2CRP02', 17.00, 32.00),
(703, 122, 'CS2CRT04', 17.00, 10.00),
(704, 122, 'CS2CRT05', 18.00, 16.00),
(705, 122, 'CS2CRT06', 17.00, 9.00),
(706, 122, 'MM2CMT03', 19.00, 24.00),
(707, 123, 'EN2CCT03', 17.00, 41.00),
(708, 123, 'CS2CRP02', 17.00, 38.00),
(709, 123, 'CS2CRT04', 15.00, 25.00),
(710, 123, 'CS2CRT05', 16.00, 37.00),
(711, 123, 'CS2CRT06', 17.00, 25.00),
(712, 123, 'MM2CMT03', 15.00, 68.00),
(713, 124, 'EN2CCT03', 17.00, 25.00),
(714, 124, 'CS2CRP02', 18.00, 40.00),
(715, 124, 'CS2CRT04', 16.00, 24.00),
(716, 124, 'CS2CRT05', 19.00, 39.00),
(717, 124, 'CS2CRT06', 18.00, 14.00),
(718, 124, 'MM2CMT03', 19.00, 45.00),
(719, 125, 'EN2CCT03', 17.00, 6.00),
(720, 125, 'CS2CRP02', 18.00, 28.00),
(721, 125, 'CS2CRT04', 15.00, 3.00),
(722, 125, 'CS2CRT05', 16.00, 9.00),
(723, 125, 'CS2CRT06', 18.00, 1.00),
(724, 125, 'MM2CMT03', 12.00, 0.00),
(725, 126, 'EN2CCT03', 17.00, 9.00),
(726, 126, 'CS2CRP02', 17.00, 28.00),
(727, 126, 'CS2CRT04', 18.00, 13.00),
(728, 126, 'CS2CRT05', 17.00, 15.00),
(729, 126, 'CS2CRT06', 17.00, 5.00),
(730, 126, 'MM2CMT03', 14.00, 8.00),
(731, 127, 'EN2CCT03', 17.00, 14.00),
(732, 127, 'CS2CRP02', 17.00, 28.00),
(733, 127, 'CS2CRT04', 16.00, 15.00),
(734, 127, 'CS2CRT05', 16.00, 24.00),
(735, 127, 'CS2CRT06', 18.00, 6.00),
(736, 127, 'MM2CMT03', 14.00, 24.00),
(737, 128, 'EN2CCT03', 17.00, 24.00),
(738, 128, 'CS2CRP02', 18.00, 28.00),
(739, 128, 'CS2CRT04', 18.00, 24.00),
(740, 128, 'CS2CRT05', 16.00, 27.00),
(741, 128, 'CS2CRT06', 18.00, 11.00),
(742, 128, 'MM2CMT03', 15.00, 7.00),
(743, 129, 'EN2CCT03', 18.00, 24.00),
(744, 129, 'CS2CRP02', 19.00, 30.00),
(745, 129, 'CS2CRT04', 18.00, 44.00),
(746, 129, 'CS2CRT05', 16.00, 41.00),
(747, 129, 'CS2CRT06', 18.00, 24.00),
(748, 129, 'MM2CMT03', 15.00, 24.00),
(749, 130, 'EN2CCT03', 17.00, 24.00),
(750, 130, 'CS2CRP02', 18.00, 46.00),
(751, 130, 'CS2CRT04', 18.00, 24.00),
(752, 130, 'CS2CRT05', 17.00, 31.00),
(753, 130, 'CS2CRT06', 18.00, 8.00),
(754, 130, 'MM2CMT03', 15.00, 24.00),
(755, 131, 'EN2CCT03', 19.00, 32.00),
(756, 131, 'CS2CRP02', 20.00, 60.00),
(757, 131, 'CS2CRT04', 19.00, 41.00),
(758, 131, 'CS2CRT05', 17.00, 56.00),
(759, 131, 'CS2CRT06', 20.00, 39.00),
(760, 131, 'MM2CMT03', 14.00, 61.00),
(761, 132, 'EN2CCT03', 19.00, 38.00),
(762, 132, 'CS2CRP02', 20.00, 60.00),
(763, 132, 'CS2CRT04', 19.00, 43.00),
(764, 132, 'CS2CRT05', 20.00, 63.00),
(765, 132, 'CS2CRT06', 20.00, 40.00),
(766, 132, 'MM2CMT03', 19.00, 80.00),
(767, 133, 'EN2CCT03', 18.00, 40.00),
(768, 133, 'CS2CRP02', 19.00, 48.00),
(769, 133, 'CS2CRT04', 18.00, 25.00),
(770, 133, 'CS2CRT05', 18.00, 36.00),
(771, 133, 'CS2CRT06', 18.00, 25.00),
(772, 133, 'MM2CMT03', 20.00, 48.00),
(773, 134, 'EN2CCT03', 18.00, 15.00),
(774, 134, 'CS2CRP02', 18.00, 35.00),
(775, 134, 'CS2CRT04', 15.00, 25.00),
(776, 134, 'CS2CRT05', 19.00, 16.00),
(777, 134, 'CS2CRT06', 18.00, 12.00),
(778, 134, 'MM2CMT03', 12.00, 39.00),
(779, 135, 'EN2CCT03', 17.00, 24.00),
(780, 135, 'CS2CRP02', 18.00, 28.00),
(781, 135, 'CS2CRT04', 17.00, 45.00),
(782, 135, 'CS2CRT05', 14.00, 53.00),
(783, 135, 'CS2CRT06', 18.00, 14.00),
(784, 135, 'MM2CMT03', 15.00, 32.00),
(785, 136, 'EN2CCT03', 18.00, 27.00),
(786, 136, 'CS2CRP02', 19.00, 38.00),
(787, 136, 'CS2CRT04', 18.00, 28.00),
(788, 136, 'CS2CRT05', 18.00, 27.00),
(789, 136, 'CS2CRT06', 18.00, 10.00),
(790, 136, 'MM2CMT03', 20.00, 66.00),
(791, 137, 'EN2CCT03', 17.00, 25.00),
(792, 137, 'CS2CRP02', 17.00, 36.00),
(793, 137, 'CS2CRT04', 17.00, 3.00),
(794, 137, 'CS2CRT05', 18.00, 28.00),
(795, 137, 'CS2CRT06', 18.00, 7.00),
(796, 137, 'MM2CMT03', 15.00, 42.00),
(797, 138, 'EN2CCT03', 18.00, 24.00),
(798, 138, 'CS2CRP02', 18.00, 50.00),
(799, 138, 'CS2CRT04', 17.00, 46.00),
(800, 138, 'CS2CRT05', 17.00, 33.00),
(801, 138, 'CS2CRT06', 19.00, 24.00),
(802, 138, 'MM2CMT03', 19.00, 31.00),
(803, 139, 'EN2CCT03', 18.00, 44.00),
(804, 139, 'CS2CRP02', 18.00, 76.00),
(805, 139, 'CS2CRT04', 18.00, 59.00),
(806, 139, 'CS2CRT05', 18.00, 43.00),
(807, 139, 'CS2CRT06', 18.00, 37.00),
(808, 139, 'MM2CMT03', 16.00, 42.00),
(809, 140, 'EN2CCT03', 18.00, 36.00),
(810, 140, 'CS2CRP02', 18.00, 49.00),
(811, 140, 'CS2CRT04', 19.00, 50.00),
(812, 140, 'CS2CRT05', 17.00, 35.00),
(813, 140, 'CS2CRT06', 18.00, 9.00),
(814, 140, 'MM2CMT03', 14.00, 60.00),
(815, 141, 'EN2CCT03', 18.00, 28.00),
(816, 141, 'CS2CRP02', 19.00, 60.00),
(817, 141, 'CS2CRT04', 16.00, 55.00),
(818, 141, 'CS2CRT05', 17.00, 44.00),
(819, 141, 'CS2CRT06', 18.00, 29.00),
(820, 141, 'MM2CMT03', 12.00, 47.00),
(821, 142, 'EN2CCT03', 18.00, 29.00),
(822, 142, 'CS2CRP02', 18.00, 60.00),
(823, 142, 'CS2CRT04', 19.00, 60.00),
(824, 142, 'CS2CRT05', 18.00, 38.00),
(825, 142, 'CS2CRT06', 18.00, 42.00),
(826, 142, 'MM2CMT03', 17.00, 63.00),
(827, 143, 'EN2CCT03', 17.00, 5.00),
(828, 143, 'CS2CRP02', 18.00, 28.00),
(829, 143, 'CS2CRT04', 15.00, 10.00),
(830, 143, 'CS2CRT05', 16.00, 27.00),
(831, 143, 'CS2CRT06', 17.00, 9.00),
(832, 143, 'MM2CMT03', 12.00, 2.00),
(833, 144, 'EN2CCT03', 17.00, 26.00),
(834, 144, 'CS2CRP02', 18.00, 35.00),
(835, 144, 'CS2CRT04', 18.00, 44.00),
(836, 144, 'CS2CRT05', 14.00, 35.00),
(837, 144, 'CS2CRT06', 18.00, 25.00),
(838, 144, 'MM2CMT03', 17.00, 36.00),
(839, 145, 'EN2CCT03', 17.00, 26.00),
(840, 145, 'CS2CRP02', 18.00, 30.00),
(841, 145, 'CS2CRT04', 15.00, 33.00),
(842, 145, 'CS2CRT05', 16.00, 27.00),
(843, 145, 'CS2CRT06', 18.00, 25.00),
(844, 145, 'MM2CMT03', 19.00, 45.00),
(845, 146, 'EN2CCT03', 17.00, 16.00),
(846, 146, 'CS2CRP02', 17.00, 48.00),
(847, 146, 'CS2CRT04', 17.00, 4.00),
(848, 146, 'CS2CRT05', 14.00, 7.00),
(849, 146, 'CS2CRT06', 17.00, 6.00),
(850, 146, 'MM2CMT03', 12.00, 24.00),
(851, 147, 'EN2CCT03', 17.00, 5.00),
(852, 147, 'CS2CRP02', 17.00, 28.00),
(853, 147, 'CS2CRT04', 15.00, 1.00),
(854, 147, 'CS2CRT05', 16.00, 2.00),
(855, 147, 'CS2CRT06', 16.00, 2.00),
(856, 147, 'MM2CMT03', 12.00, 0.00),
(857, 148, 'EN2CCT03', 17.00, 10.00),
(858, 148, 'CS2CRP02', 17.00, 28.00),
(859, 148, 'CS2CRT04', 15.00, 4.00),
(860, 148, 'CS2CRT05', 16.00, 3.00),
(861, 148, 'CS2CRT06', 17.00, 1.00),
(862, 148, 'MM2CMT03', 14.00, 0.00),
(863, 149, 'EN2CCT03', 17.00, 32.00),
(864, 149, 'CS2CRP02', 17.00, 28.00),
(865, 149, 'CS2CRT04', 15.00, 8.00),
(866, 149, 'CS2CRT05', 16.00, 8.00),
(867, 149, 'CS2CRT06', 17.00, 9.00),
(868, 149, 'MM2CMT03', 13.00, 9.00),
(869, 150, 'EN2CCT03', 17.00, 45.00),
(870, 150, 'CS2CRP02', 20.00, 50.00),
(871, 150, 'CS2CRT04', 20.00, 53.00),
(872, 150, 'CS2CRT05', 20.00, 46.00),
(873, 150, 'CS2CRT06', 19.00, 30.00),
(874, 150, 'MM2CMT03', 15.00, 45.00),
(875, 151, 'EN2CCT03', 17.00, 39.00),
(876, 151, 'CS2CRP02', 18.00, 32.00),
(877, 151, 'CS2CRT04', 17.00, 41.00),
(878, 151, 'CS2CRT05', 17.00, 42.00),
(879, 151, 'CS2CRT06', 18.00, 28.00),
(880, 151, 'MM2CMT03', 14.00, 45.00),
(881, 152, 'EN2CCT03', 17.00, 7.00),
(882, 152, 'CS2CRP02', 18.00, 28.00),
(883, 152, 'CS2CRT04', 16.00, 24.00),
(884, 152, 'CS2CRT05', 16.00, 6.00),
(885, 152, 'CS2CRT06', 18.00, 10.00),
(886, 152, 'MM2CMT03', 14.00, 12.00),
(887, 153, 'EN2CCT03', 18.00, 24.00),
(888, 153, 'CS2CRP02', 18.00, 55.00),
(889, 153, 'CS2CRT04', 17.00, 34.00),
(890, 153, 'CS2CRT05', 17.00, 9.00),
(891, 153, 'CS2CRT06', 18.00, 24.00),
(892, 153, 'MM2CMT03', 13.00, 7.00),
(893, 154, 'EN2CCT03', 19.00, 33.00),
(894, 154, 'CS2CRP02', 20.00, 78.00),
(895, 154, 'CS2CRT04', 20.00, 65.00),
(896, 154, 'CS2CRT05', 20.00, 60.00),
(897, 154, 'CS2CRT06', 20.00, 50.00),
(898, 154, 'MM2CMT03', 20.00, 56.00),
(899, 155, 'EN2CCT03', 18.00, 25.00),
(900, 155, 'CS2CRP02', 18.00, 60.00),
(901, 155, 'CS2CRT04', 19.00, 49.00),
(902, 155, 'CS2CRT05', 18.00, 15.00),
(903, 155, 'CS2CRT06', 18.00, 25.00),
(904, 155, 'MM2CMT03', 15.00, 28.00),
(905, 156, 'EN2CCT03', 17.00, 24.00),
(906, 156, 'CS2CRP02', 19.00, 28.00),
(907, 156, 'CS2CRT04', 16.00, 6.00),
(908, 156, 'CS2CRT05', 16.00, 6.00),
(909, 156, 'CS2CRT06', 19.00, 6.00),
(910, 156, 'MM2CMT03', 12.00, 6.00),
(911, 157, 'EN2CCT03', 17.00, 24.00),
(912, 157, 'CS2CRP02', 18.00, 28.00),
(913, 157, 'CS2CRT04', 18.00, 27.00),
(914, 157, 'CS2CRT05', 16.00, 1.00),
(915, 157, 'CS2CRT06', 17.00, 7.00),
(916, 157, 'MM2CMT03', 15.00, 7.00),
(1277, 158, 'CA3CRT01', 17.00, 39.00),
(1278, 158, 'CA3CRT02', 17.00, 55.00),
(1279, 158, 'CS3CRP03', 17.00, 49.00),
(1280, 158, 'CS3CRT07', 18.00, 55.00),
(1281, 158, 'CS3CRT08', 17.00, 36.00),
(1282, 158, 'ST3CMT32', 18.00, 35.00),
(1283, 159, 'CA3CRT01', 17.00, 46.00),
(1284, 159, 'CA3CRT02', 16.00, 45.00),
(1285, 159, 'CS3CRP03', 17.00, 27.00),
(1286, 159, 'CS3CRT07', 17.00, 53.00),
(1287, 159, 'CS3CRT08', 17.00, 30.00),
(1288, 159, 'ST3CMT32', 17.00, 39.00),
(1289, 160, 'CA3CRT01', 19.00, 56.00),
(1290, 160, 'CA3CRT02', 18.00, 59.00),
(1291, 160, 'CS3CRP03', 19.00, 64.00),
(1292, 160, 'CS3CRT07', 18.00, 57.00),
(1293, 160, 'CS3CRT08', 18.00, 42.00),
(1294, 160, 'ST3CMT32', 17.00, 55.00),
(1295, 161, 'CA3CRT01', 17.00, 24.00),
(1296, 161, 'CA3CRT02', 18.00, 32.00),
(1297, 161, 'CS3CRP03', 17.00, 44.00),
(1298, 161, 'CS3CRT07', 18.00, 31.00),
(1299, 161, 'CS3CRT08', 17.00, 18.00),
(1300, 161, 'ST3CMT32', 16.00, 11.00),
(1301, 162, 'CA3CRT01', 18.00, 24.00),
(1302, 162, 'CA3CRT02', 17.00, 13.00),
(1303, 162, 'CS3CRP03', 16.00, 38.00),
(1304, 162, 'CS3CRT07', 18.00, 24.00),
(1305, 162, 'CS3CRT08', 17.00, 7.00),
(1306, 162, 'ST3CMT32', 18.00, 3.00),
(1307, 163, 'CA3CRT01', 16.00, 24.00),
(1308, 163, 'CA3CRT02', 15.00, 1.00),
(1309, 163, 'CS3CRP03', 16.00, 28.00),
(1310, 163, 'CS3CRT07', 16.00, 24.00),
(1311, 163, 'CS3CRT08', 16.00, 10.00),
(1312, 163, 'ST3CMT32', 15.00, 3.00),
(1313, 165, 'CA3CRT01', 18.00, 51.00),
(1314, 165, 'CA3CRT02', 18.00, 41.00),
(1315, 165, 'CS3CRP03', 18.00, 47.00),
(1316, 165, 'CS3CRT07', 18.00, 60.00),
(1317, 165, 'CS3CRT08', 17.00, 33.00),
(1318, 165, 'ST3CMT32', 15.00, 37.00),
(1319, 166, 'CA3CRT01', 16.00, 31.00),
(1320, 166, 'CA3CRT02', 16.00, 29.00),
(1321, 166, 'CS3CRP03', 16.00, 39.00),
(1322, 166, 'CS3CRT07', 16.00, 9.00),
(1323, 166, 'CS3CRT08', 16.00, 24.00),
(1324, 166, 'ST3CMT32', 15.00, 33.00),
(1325, 167, 'CA3CRT01', 18.00, 26.00),
(1326, 167, 'CA3CRT02', 17.00, 26.00),
(1327, 167, 'CS3CRP03', 17.00, 63.00),
(1328, 167, 'CS3CRT07', 17.00, 26.00),
(1329, 167, 'CS3CRT08', 16.00, 9.00),
(1330, 167, 'ST3CMT32', 16.00, 25.00),
(1331, 168, 'CA3CRT01', 19.00, 70.00),
(1332, 168, 'CA3CRT02', 16.00, 66.00),
(1333, 168, 'CS3CRP03', 19.00, 66.00),
(1334, 168, 'CS3CRT07', 19.00, 48.00),
(1335, 168, 'CS3CRT08', 18.00, 68.00),
(1336, 168, 'ST3CMT32', 16.00, 39.00),
(1337, 169, 'CA3CRT01', 18.00, 40.00),
(1338, 169, 'CA3CRT02', 16.00, 39.00),
(1339, 169, 'CS3CRP03', 17.00, 34.00),
(1340, 169, 'CS3CRT07', 17.00, 40.00),
(1341, 169, 'CS3CRT08', 16.00, 32.00),
(1342, 169, 'ST3CMT32', 17.00, 26.00),
(1343, 170, 'CA3CRT01', 17.00, 80.00),
(1344, 170, 'CA3CRT02', 18.00, 64.00),
(1345, 170, 'CS3CRP03', 18.00, 69.00),
(1346, 170, 'CS3CRT07', 18.00, 56.00),
(1347, 170, 'CS3CRT08', 17.00, 51.00),
(1348, 170, 'ST3CMT32', 15.00, 56.00),
(1349, 171, 'CA3CRT01', 19.00, 41.00),
(1350, 171, 'CA3CRT02', 18.00, 24.00),
(1351, 171, 'CS3CRP03', 17.00, 47.00),
(1352, 171, 'CS3CRT07', 18.00, 30.00),
(1353, 171, 'CS3CRT08', 17.00, 25.00),
(1354, 171, 'ST3CMT32', 19.00, 24.00),
(1355, 172, 'CA3CRT01', 16.00, 39.00),
(1356, 172, 'CA3CRT02', 16.00, 24.00),
(1357, 172, 'CS3CRP03', 16.00, 44.00),
(1358, 172, 'CS3CRT07', 17.00, 12.00),
(1359, 172, 'CS3CRT08', 17.00, 42.00),
(1360, 172, 'ST3CMT32', 16.00, 13.00),
(1361, 173, 'CA3CRT01', 17.00, 48.00),
(1362, 173, 'CA3CRT02', 16.00, 44.00),
(1363, 173, 'CS3CRP03', 17.00, 47.00),
(1364, 173, 'CS3CRT07', 17.00, 47.00),
(1365, 173, 'CS3CRT08', 16.00, 37.00),
(1366, 173, 'ST3CMT32', 16.00, 39.00),
(1367, 174, 'CA3CRT01', 20.00, 68.00),
(1368, 174, 'CA3CRT02', 16.00, 57.00),
(1369, 174, 'CS3CRP03', 20.00, 71.00),
(1370, 174, 'CS3CRT07', 20.00, 64.00),
(1371, 174, 'CS3CRT08', 20.00, 46.00),
(1372, 174, 'ST3CMT32', 18.00, 49.00),
(1373, 175, 'CA3CRT01', 19.00, 66.00),
(1374, 175, 'CA3CRT02', 17.00, 49.00),
(1375, 175, 'CS3CRP03', 18.00, 67.00),
(1376, 175, 'CS3CRT07', 19.00, 55.00),
(1377, 175, 'CS3CRT08', 17.00, 35.00),
(1378, 175, 'ST3CMT32', 17.00, 38.00),
(1379, 176, 'CA3CRT01', 20.00, 77.00),
(1380, 176, 'CA3CRT02', 19.00, 65.00),
(1381, 176, 'CS3CRP03', 18.00, 70.00),
(1382, 176, 'CS3CRT07', 19.00, 62.00),
(1383, 176, 'CS3CRT08', 18.00, 59.00),
(1384, 176, 'ST3CMT32', 20.00, 72.00),
(1385, 177, 'CA3CRT01', 18.00, 49.00),
(1386, 177, 'CA3CRT02', 17.00, 43.00),
(1387, 177, 'CS3CRP03', 17.00, 41.00),
(1388, 177, 'CS3CRT07', 18.00, 36.00),
(1389, 177, 'CS3CRT08', 17.00, 30.00),
(1390, 177, 'ST3CMT32', 17.00, 25.00),
(1391, 178, 'CA3CRT01', 17.00, 34.00),
(1392, 178, 'CA3CRT02', 18.00, 50.00),
(1393, 178, 'CS3CRP03', 17.00, 34.00),
(1394, 178, 'CS3CRT07', 18.00, 26.00),
(1395, 178, 'CS3CRT08', 17.00, 27.00),
(1396, 178, 'ST3CMT32', 18.00, 25.00),
(1397, 179, 'CA3CRT01', 16.00, 41.00),
(1398, 179, 'CA3CRT02', 15.00, 28.00),
(1399, 179, 'CS3CRP03', 17.00, 36.00),
(1400, 179, 'CS3CRT07', 17.00, 46.00),
(1401, 179, 'CS3CRT08', 17.00, 36.00),
(1402, 179, 'ST3CMT32', 15.00, 24.00),
(1403, 180, 'CA3CRT01', 20.00, 58.00),
(1404, 180, 'CA3CRT02', 17.00, 46.00),
(1405, 180, 'CS3CRP03', 17.00, 49.00),
(1406, 180, 'CS3CRT07', 18.00, 47.00),
(1407, 180, 'CS3CRT08', 18.00, 46.00),
(1408, 180, 'ST3CMT32', 20.00, 50.00),
(1409, 181, 'CA3CRT01', 19.00, 66.00),
(1410, 181, 'CA3CRT02', 18.00, 63.00),
(1411, 181, 'CS3CRP03', 18.00, 74.00),
(1412, 181, 'CS3CRT07', 19.00, 57.00),
(1413, 181, 'CS3CRT08', 18.00, 57.00),
(1414, 181, 'ST3CMT32', 18.00, 26.00),
(1415, 182, 'CA3CRT01', 20.00, 68.00),
(1416, 182, 'CA3CRT02', 17.00, 66.00),
(1417, 182, 'CS3CRP03', 20.00, 75.00),
(1418, 182, 'CS3CRT07', 20.00, 54.00),
(1419, 182, 'CS3CRT08', 20.00, 47.00),
(1420, 182, 'ST3CMT32', 18.00, 50.00),
(1421, 183, 'CA3CRT01', 19.00, 59.00),
(1422, 183, 'CA3CRT02', 16.00, 58.00),
(1423, 183, 'CS3CRP03', 17.00, 53.00),
(1424, 183, 'CS3CRT07', 17.00, 46.00),
(1425, 183, 'CS3CRT08', 17.00, 54.00),
(1426, 183, 'ST3CMT32', 18.00, 55.00),
(1427, 184, 'CA3CRT01', 20.00, 67.00),
(1428, 184, 'CA3CRT02', 17.00, 49.00),
(1429, 184, 'CS3CRP03', 18.00, 42.00),
(1430, 184, 'CS3CRT07', 18.00, 48.00),
(1431, 184, 'CS3CRT08', 18.00, 48.00),
(1432, 184, 'ST3CMT32', 18.00, 42.00),
(1433, 185, 'CA3CRT01', 16.00, 35.00),
(1434, 185, 'CA3CRT02', 15.00, 15.00),
(1435, 185, 'CS3CRP03', 17.00, 18.00),
(1436, 185, 'CS3CRT07', 17.00, 30.00),
(1437, 185, 'CS3CRT08', 16.00, 33.00),
(1438, 185, 'ST3CMT32', 15.00, 5.00),
(1439, 186, 'CA3CRT01', 17.00, 24.00),
(1440, 186, 'CA3CRT02', 17.00, 24.00),
(1441, 186, 'CS3CRP03', 17.00, 40.00),
(1442, 186, 'CS3CRT07', 17.00, 28.00),
(1443, 186, 'CS3CRT08', 16.00, 33.00),
(1444, 186, 'ST3CMT32', 14.00, 3.00),
(1445, 187, 'CA3CRT01', 19.00, 24.00),
(1446, 187, 'CA3CRT02', 16.00, 13.00),
(1447, 187, 'CS3CRP03', 17.00, 43.00),
(1448, 187, 'CS3CRT07', 17.00, 24.00),
(1449, 187, 'CS3CRT08', 17.00, 25.00),
(1450, 187, 'ST3CMT32', 18.00, 6.00),
(1451, 188, 'CA3CRT01', 19.00, 28.00),
(1452, 188, 'CA3CRT02', 16.00, 37.00),
(1453, 188, 'CS3CRP03', 17.00, 62.00),
(1454, 188, 'CS3CRT07', 17.00, 41.00),
(1455, 188, 'CS3CRT08', 17.00, 30.00),
(1456, 188, 'ST3CMT32', 18.00, 39.00),
(1457, 189, 'CA3CRT01', 18.00, 34.00),
(1458, 189, 'CA3CRT02', 15.00, 34.00),
(1459, 189, 'CS3CRP03', 16.00, 41.00),
(1460, 189, 'CS3CRT07', 16.00, 35.00),
(1461, 189, 'CS3CRT08', 16.00, 33.00),
(1462, 189, 'ST3CMT32', 15.00, 3.00),
(1463, 190, 'CA3CRT01', 17.00, 24.00),
(1464, 190, 'CA3CRT02', 16.00, 5.00),
(1465, 190, 'CS3CRP03', 16.00, 16.00),
(1466, 190, 'CS3CRT07', 16.00, 12.00),
(1467, 190, 'CS3CRT08', 16.00, 7.00),
(1468, 190, 'ST3CMT32', 14.00, 0.00),
(1469, 191, 'CA3CRT01', 16.00, 24.00),
(1470, 191, 'CA3CRT02', 17.00, 24.00),
(1471, 191, 'CS3CRP03', 16.00, 51.00),
(1472, 191, 'CS3CRT07', 17.00, 24.00),
(1473, 191, 'CS3CRT08', 17.00, 6.00),
(1474, 191, 'ST3CMT32', 17.00, 1.00),
(1475, 194, 'CA3CRT01', 19.00, 39.00),
(1476, 194, 'CA3CRT02', 17.00, 30.00),
(1477, 194, 'CS3CRP03', 18.00, 43.00),
(1478, 194, 'CS3CRT07', 18.00, 46.00),
(1479, 194, 'CS3CRT08', 17.00, 34.00),
(1480, 194, 'ST3CMT32', 17.00, 32.00),
(1481, 195, 'CA3CRT01', 16.00, 25.00),
(1482, 195, 'CA3CRT02', 16.00, 32.00),
(1483, 195, 'CS3CRP03', 17.00, 38.00),
(1484, 195, 'CS3CRT07', 17.00, 38.00),
(1485, 195, 'CS3CRT08', 16.00, 30.00),
(1486, 195, 'ST3CMT32', 16.00, 15.00),
(1487, 196, 'CA3CRT01', 19.00, 50.00),
(1488, 196, 'CA3CRT02', 16.00, 63.00),
(1489, 196, 'CS3CRP03', 20.00, 45.00),
(1490, 196, 'CS3CRT07', 19.00, 60.00),
(1491, 196, 'CS3CRT08', 19.00, 50.00),
(1492, 196, 'ST3CMT32', 18.00, 66.00),
(1493, 197, 'CA3CRT01', 20.00, 61.00),
(1494, 197, 'CA3CRT02', 16.00, 57.00),
(1495, 197, 'CS3CRP03', 19.00, 67.00),
(1496, 197, 'CS3CRT07', 19.00, 62.00),
(1497, 197, 'CS3CRT08', 18.00, 58.00),
(1498, 197, 'ST3CMT32', 18.00, 45.00),
(1499, 198, 'CA3CRT01', 18.00, 25.00),
(1500, 198, 'CA3CRT02', 17.00, 36.00),
(1501, 198, 'CS3CRP03', 17.00, 51.00),
(1502, 198, 'CS3CRT07', 18.00, 48.00),
(1503, 198, 'CS3CRT08', 17.00, 32.00),
(1504, 198, 'ST3CMT32', 16.00, 10.00),
(1505, 199, 'CA3CRT01', 19.00, 34.00),
(1506, 199, 'CA3CRT02', 15.00, 25.00),
(1507, 199, 'CS3CRP03', 17.00, 47.00),
(1508, 199, 'CS3CRT07', 16.00, 42.00),
(1509, 199, 'CS3CRT08', 16.00, 47.00),
(1510, 199, 'ST3CMT32', 15.00, 26.00),
(1511, 200, 'CA3CRT01', 19.00, 40.00),
(1512, 200, 'CA3CRT02', 18.00, 41.00),
(1513, 200, 'CS3CRP03', 17.00, 36.00),
(1514, 200, 'CS3CRT07', 18.00, 32.00),
(1515, 200, 'CS3CRT08', 17.00, 32.00),
(1516, 200, 'ST3CMT32', 16.00, 34.00),
(1517, 201, 'CA3CRT01', 19.00, 35.00),
(1518, 201, 'CA3CRT02', 18.00, 27.00),
(1519, 201, 'CS3CRP03', 17.00, 47.00),
(1520, 201, 'CS3CRT07', 18.00, 30.00),
(1521, 201, 'CS3CRT08', 17.00, 31.00),
(1522, 201, 'ST3CMT32', 18.00, 27.00),
(1523, 202, 'CA3CRT01', 17.00, 33.00),
(1524, 202, 'CA3CRT02', 18.00, 41.00),
(1525, 202, 'CS3CRP03', 17.00, 34.00),
(1526, 202, 'CS3CRT07', 17.00, 34.00),
(1527, 202, 'CS3CRT08', 17.00, 35.00),
(1528, 202, 'ST3CMT32', 16.00, 7.00),
(1529, 203, 'CA3CRT01', 17.00, 38.00),
(1530, 203, 'CA3CRT02', 17.00, 44.00),
(1531, 203, 'CS3CRP03', 18.00, 47.00),
(1532, 203, 'CS3CRT07', 17.00, 49.00),
(1533, 203, 'CS3CRT08', 17.00, 47.00),
(1534, 203, 'ST3CMT32', 17.00, 25.00),
(1535, 204, 'CA3CRT01', 20.00, 71.00),
(1536, 204, 'CA3CRT02', 18.00, 61.00),
(1537, 204, 'CS3CRP03', 18.00, 52.00),
(1538, 204, 'CS3CRT07', 18.00, 66.00),
(1539, 204, 'CS3CRT08', 18.00, 44.00),
(1540, 204, 'ST3CMT32', 17.00, 35.00),
(1541, 205, 'CA3CRT01', 17.00, 43.00),
(1542, 205, 'CA3CRT02', 17.00, 46.00),
(1543, 205, 'CS3CRP03', 17.00, 45.00),
(1544, 205, 'CS3CRT07', 17.00, 58.00),
(1545, 205, 'CS3CRT08', 17.00, 50.00),
(1546, 205, 'ST3CMT32', 16.00, 35.00),
(1547, 206, 'CA3CRT01', 19.00, 64.00),
(1548, 206, 'CA3CRT02', 16.00, 50.00),
(1549, 206, 'CS3CRP03', 17.00, 69.00),
(1550, 206, 'CS3CRT07', 17.00, 53.00),
(1551, 206, 'CS3CRT08', 17.00, 53.00),
(1552, 206, 'ST3CMT32', 15.00, 43.00),
(1553, 207, 'CA3CRT01', 18.00, 57.00),
(1554, 207, 'CA3CRT02', 15.00, 56.00),
(1555, 207, 'CS3CRP03', 17.00, 72.00),
(1556, 207, 'CS3CRT07', 17.00, 58.00),
(1557, 207, 'CS3CRT08', 16.00, 53.00),
(1558, 207, 'ST3CMT32', 17.00, 54.00),
(1559, 208, 'CA3CRT01', 15.00, 24.00),
(1560, 208, 'CA3CRT02', 16.00, 24.00),
(1561, 208, 'CS3CRP03', 17.00, 43.00),
(1562, 208, 'CS3CRT07', 16.00, 34.00),
(1563, 208, 'CS3CRT08', 17.00, 0.00),
(1564, 208, 'ST3CMT32', 16.00, 3.00),
(1565, 209, 'CA3CRT01', 16.00, 47.00),
(1566, 209, 'CA3CRT02', 16.00, 59.00),
(1567, 209, 'CS3CRP03', 17.00, 65.00),
(1568, 209, 'CS3CRT07', 17.00, 58.00),
(1569, 209, 'CS3CRT08', 16.00, 44.00),
(1570, 209, 'ST3CMT32', 18.00, 25.00),
(1571, 210, 'CA3CRT01', 19.00, 33.00),
(1572, 210, 'CA3CRT02', 16.00, 40.00),
(1573, 210, 'CS3CRP03', 17.00, 59.00),
(1574, 210, 'CS3CRT07', 17.00, 33.00),
(1575, 210, 'CS3CRT08', 17.00, 27.00),
(1576, 210, 'ST3CMT32', 18.00, 27.00),
(1577, 211, 'CA3CRT01', 18.00, 24.00),
(1578, 211, 'CA3CRT02', 15.00, 24.00),
(1579, 211, 'CS3CRP03', 16.00, 41.00),
(1580, 211, 'CS3CRT07', 17.00, 30.00),
(1581, 211, 'CS3CRT08', 15.00, 3.00),
(1582, 211, 'ST3CMT32', 17.00, 5.00),
(1583, 213, 'CA3CRT01', 15.00, 10.00),
(1584, 213, 'CA3CRT02', 17.00, 7.00),
(1585, 213, 'CS3CRP03', 16.00, 19.00),
(1586, 213, 'CS3CRT07', 16.00, 4.00),
(1587, 213, 'CS3CRT08', 16.00, 0.00),
(1588, 213, 'ST3CMT32', 15.00, 0.00),
(1589, 214, 'CA3CRT01', 16.00, 37.00),
(1590, 214, 'CA3CRT02', 15.00, 27.00),
(1591, 214, 'CS3CRP03', 15.00, 36.00),
(1592, 214, 'CS3CRT07', 15.00, 26.00),
(1593, 214, 'CS3CRT08', 15.00, 13.00),
(1594, 214, 'ST3CMT32', 15.00, 26.00),
(1595, 215, 'CA3CRT01', 19.00, 49.00),
(1596, 215, 'CA3CRT02', 19.00, 61.00),
(1597, 215, 'CS3CRP03', 19.00, 59.00),
(1598, 215, 'CS3CRT07', 19.00, 61.00),
(1599, 215, 'CS3CRT08', 19.00, 55.00),
(1600, 215, 'ST3CMT32', 18.00, 28.00),
(1601, 216, 'CA3CRT01', 16.00, 44.00),
(1602, 216, 'CA3CRT02', 16.00, 75.00),
(1603, 216, 'CS3CRP03', 17.00, 46.00),
(1604, 216, 'CS3CRT07', 17.00, 68.00),
(1605, 216, 'CS3CRT08', 17.00, 48.00),
(1606, 216, 'ST3CMT32', 18.00, 28.00),
(1607, 217, 'CA3CRT01', 16.00, 24.00),
(1608, 217, 'CA3CRT02', 16.00, 8.00),
(1609, 217, 'CS3CRP03', 17.00, 55.00),
(1610, 217, 'CS3CRT07', 17.00, 3.00),
(1611, 217, 'CS3CRT08', 16.00, 5.00),
(1612, 217, 'ST3CMT32', 17.00, 8.00),
(1613, 218, 'CA3CRT01', 18.00, 35.00),
(1614, 218, 'CA3CRT02', 16.00, 36.00),
(1615, 218, 'CS3CRP03', 17.00, 49.00),
(1616, 218, 'CS3CRT07', 17.00, 48.00),
(1617, 218, 'CS3CRT08', 16.00, 31.00),
(1618, 218, 'ST3CMT32', 16.00, 26.00),
(1619, 219, 'CA3CRT01', 20.00, 63.00),
(1620, 219, 'CA3CRT02', 20.00, 74.00),
(1621, 219, 'CS3CRP03', 20.00, 79.00),
(1622, 219, 'CS3CRT07', 20.00, 72.00),
(1623, 219, 'CS3CRT08', 20.00, 54.00),
(1624, 219, 'ST3CMT32', 20.00, 71.00),
(1625, 220, 'CA3CRT01', 17.00, 34.00),
(1626, 220, 'CA3CRT02', 16.00, 27.00),
(1627, 220, 'CS3CRP03', 17.00, 31.00),
(1628, 220, 'CS3CRT07', 18.00, 48.00),
(1629, 220, 'CS3CRT08', 17.00, 36.00),
(1630, 220, 'ST3CMT32', 18.00, 28.00),
(1631, 222, 'CA3CRT01', 17.00, 7.00),
(1632, 222, 'CA3CRT02', 15.00, 25.00),
(1633, 222, 'CS3CRP03', 16.00, 34.00),
(1634, 222, 'CS3CRT07', 17.00, 16.00),
(1635, 222, 'CS3CRT08', 16.00, 10.00),
(1636, 222, 'ST3CMT32', 16.00, 0.00),
(1637, 223, 'CA4CRT03', 15.00, 44.00),
(1638, 223, 'CS4CRP04', 17.00, 40.00),
(1639, 223, 'CS4CRT09', 17.00, 37.00),
(1640, 223, 'CS4CRT10', 19.00, 29.00),
(1641, 223, 'CS4CRT11', 19.00, 29.00),
(1642, 223, 'MM4CMT03', 19.00, 61.00),
(1643, 224, 'CA4CRT03', 16.00, 37.00),
(1644, 224, 'CS4CRP04', 17.00, 43.00),
(1645, 224, 'CS4CRT09', 17.00, 34.00),
(1646, 224, 'CS4CRT10', 18.00, 27.00),
(1647, 224, 'CS4CRT11', 18.00, 32.00),
(1648, 224, 'MM4CMT03', 18.00, 47.00),
(1649, 225, 'CA4CRT03', 18.00, 46.00),
(1650, 225, 'CS4CRP04', 20.00, 78.00),
(1651, 225, 'CS4CRT09', 20.00, 44.00),
(1652, 225, 'CS4CRT10', 19.00, 56.00),
(1653, 225, 'CS4CRT11', 19.00, 40.00),
(1654, 225, 'MM4CMT03', 19.00, 44.00),
(1655, 226, 'CA4CRT03', 15.00, 29.00),
(1656, 226, 'CS4CRP04', 17.00, 38.00),
(1657, 226, 'CS4CRT09', 19.00, 13.00),
(1658, 226, 'CS4CRT10', 19.00, 24.00),
(1659, 226, 'CS4CRT11', 17.00, 24.00),
(1660, 226, 'MM4CMT03', 18.00, 28.00),
(1661, 227, 'CA4CRT03', 16.00, 15.00),
(1662, 227, 'CS4CRP04', 16.00, 40.00),
(1663, 227, 'CS4CRT09', 15.00, 8.00),
(1664, 227, 'CS4CRT10', 17.00, 11.00),
(1665, 227, 'CS4CRT11', 17.00, 15.00),
(1666, 227, 'MM4CMT03', 17.00, 16.00),
(1667, 228, 'CA4CRT03', 15.00, 31.00),
(1668, 228, 'CS4CRP04', 16.00, 40.00),
(1669, 228, 'CS4CRT09', 15.00, 24.00),
(1670, 228, 'CS4CRT10', 16.00, 33.00),
(1671, 228, 'CS4CRT11', 16.00, 24.00),
(1672, 228, 'MM4CMT03', 18.00, 39.00),
(1673, 230, 'CA4CRT03', 15.00, 48.00),
(1674, 230, 'CS4CRP04', 19.00, 42.00),
(1675, 230, 'CS4CRT09', 15.00, 49.00),
(1676, 230, 'CS4CRT10', 18.00, 50.00),
(1677, 230, 'CS4CRT11', 19.00, 33.00),
(1678, 230, 'MM4CMT03', 15.00, 58.00),
(1679, 231, 'CA4CRT03', 15.00, 43.00),
(1680, 231, 'CS4CRP04', 16.00, 42.00),
(1681, 231, 'CS4CRT09', 15.00, 32.00),
(1682, 231, 'CS4CRT10', 16.00, 31.00),
(1683, 231, 'CS4CRT11', 16.00, 35.00),
(1684, 231, 'MM4CMT03', 17.00, 40.00),
(1685, 232, 'CA4CRT03', 16.00, 35.00),
(1686, 232, 'CS4CRP04', 18.00, 43.00),
(1687, 232, 'CS4CRT09', 17.00, 26.00),
(1688, 232, 'CS4CRT10', 16.00, 26.00),
(1689, 232, 'CS4CRT11', 18.00, 30.00),
(1690, 232, 'MM4CMT03', 18.00, 30.00),
(1691, 233, 'CA4CRT03', 20.00, 68.00),
(1692, 233, 'CS4CRP04', 20.00, 61.00),
(1693, 233, 'CS4CRT09', 20.00, 48.00),
(1694, 233, 'CS4CRT10', 20.00, 62.00),
(1695, 233, 'CS4CRT11', 20.00, 72.00),
(1696, 233, 'MM4CMT03', 20.00, 70.00),
(1697, 234, 'CA4CRT03', 17.00, 29.00),
(1698, 234, 'CS4CRP04', 17.00, 47.00),
(1699, 234, 'CS4CRT09', 16.00, 41.00),
(1700, 234, 'CS4CRT10', 17.00, 31.00),
(1701, 234, 'CS4CRT11', 17.00, 45.00),
(1702, 234, 'MM4CMT03', 17.00, 44.00),
(1703, 235, 'CA4CRT03', 16.00, 54.00),
(1704, 235, 'CS4CRP04', 16.00, 70.00),
(1705, 235, 'CS4CRT09', 19.00, 53.00),
(1706, 235, 'CS4CRT10', 17.00, 66.00),
(1707, 235, 'CS4CRT11', 18.00, 61.00),
(1708, 235, 'MM4CMT03', 18.00, 65.00),
(1709, 236, 'CA4CRT03', 16.00, 31.00),
(1710, 236, 'CS4CRP04', 16.00, 40.00),
(1711, 236, 'CS4CRT09', 18.00, 31.00),
(1712, 236, 'CS4CRT10', 16.00, 27.00),
(1713, 236, 'CS4CRT11', 18.00, 32.00),
(1714, 236, 'MM4CMT03', 18.00, 36.00),
(1715, 237, 'CA4CRT03', 15.00, 37.00),
(1716, 237, 'CS4CRP04', 16.00, 41.00),
(1717, 237, 'CS4CRT09', 17.00, 33.00),
(1718, 237, 'CS4CRT10', 16.00, 36.00),
(1719, 237, 'CS4CRT11', 17.00, 39.00),
(1720, 237, 'MM4CMT03', 17.00, 39.00),
(1721, 238, 'CA4CRT03', 15.00, 33.00),
(1722, 238, 'CS4CRP04', 18.00, 44.00),
(1723, 238, 'CS4CRT09', 16.00, 27.00),
(1724, 238, 'CS4CRT10', 16.00, 37.00),
(1725, 238, 'CS4CRT11', 18.00, 51.00),
(1726, 238, 'MM4CMT03', 16.00, 39.00),
(1727, 239, 'CA4CRT03', 19.00, 58.00),
(1728, 239, 'CS4CRP04', 18.00, 63.00),
(1729, 239, 'CS4CRT09', 20.00, 49.00),
(1730, 239, 'CS4CRT10', 18.00, 56.00),
(1731, 239, 'CS4CRT11', 19.00, 61.00),
(1732, 239, 'MM4CMT03', 20.00, 61.00),
(1733, 240, 'CA4CRT03', 20.00, 53.00),
(1734, 240, 'CS4CRP04', 18.00, 45.00),
(1735, 240, 'CS4CRT09', 16.00, 29.00),
(1736, 240, 'CS4CRT10', 20.00, 59.00),
(1737, 240, 'CS4CRT11', 20.00, 52.00),
(1738, 240, 'MM4CMT03', 17.00, 55.00),
(1739, 241, 'CA4CRT03', 20.00, 48.00),
(1740, 241, 'CS4CRP04', 20.00, 67.00),
(1741, 241, 'CS4CRT09', 20.00, 59.00),
(1742, 241, 'CS4CRT10', 20.00, 68.00),
(1743, 241, 'CS4CRT11', 20.00, 69.00),
(1744, 241, 'MM4CMT03', 20.00, 80.00),
(1745, 242, 'CA4CRT03', 16.00, 25.00),
(1746, 242, 'CS4CRP04', 16.00, 41.00),
(1747, 242, 'CS4CRT09', 15.00, 25.00),
(1748, 242, 'CS4CRT10', 17.00, 35.00),
(1749, 242, 'CS4CRT11', 18.00, 29.00),
(1750, 242, 'MM4CMT03', 17.00, 36.00),
(1751, 243, 'CA4CRT03', 16.00, 33.00),
(1752, 243, 'CS4CRP04', 18.00, 42.00),
(1753, 243, 'CS4CRT09', 18.00, 25.00),
(1754, 243, 'CS4CRT10', 17.00, 32.00),
(1755, 243, 'CS4CRT11', 18.00, 25.00),
(1756, 243, 'MM4CMT03', 17.00, 45.00),
(1757, 244, 'CA4CRT03', 15.00, 29.00),
(1758, 244, 'CS4CRP04', 17.00, 43.00),
(1759, 244, 'CS4CRT09', 15.00, 36.00),
(1760, 244, 'CS4CRT10', 16.00, 28.00),
(1761, 244, 'CS4CRT11', 16.00, 40.00),
(1762, 244, 'MM4CMT03', 16.00, 60.00),
(1763, 245, 'CA4CRT03', 20.00, 32.00),
(1764, 245, 'CS4CRP04', 16.00, 55.00),
(1765, 245, 'CS4CRT09', 20.00, 40.00),
(1766, 245, 'CS4CRT10', 17.00, 51.00),
(1767, 245, 'CS4CRT11', 19.00, 60.00),
(1768, 245, 'MM4CMT03', 19.00, 55.00),
(1769, 246, 'CA4CRT03', 17.00, 48.00),
(1770, 246, 'CS4CRP04', 20.00, 76.00),
(1771, 246, 'CS4CRT09', 20.00, 41.00),
(1772, 246, 'CS4CRT10', 17.00, 60.00),
(1773, 246, 'CS4CRT11', 20.00, 72.00),
(1774, 246, 'MM4CMT03', 17.00, 65.00),
(1775, 247, 'CA4CRT03', 20.00, 53.00),
(1776, 247, 'CS4CRP04', 20.00, 72.00),
(1777, 247, 'CS4CRT09', 20.00, 53.00);
INSERT INTO `marks` (`MarkID`, `AttID`, `CourseCode`, `INTS`, `EXT`) VALUES
(1778, 247, 'CS4CRT10', 19.00, 64.00),
(1779, 247, 'CS4CRT11', 20.00, 67.00),
(1780, 247, 'MM4CMT03', 19.00, 73.00),
(1781, 248, 'CA4CRT03', 20.00, 45.00),
(1782, 248, 'CS4CRP04', 18.00, 60.00),
(1783, 248, 'CS4CRT09', 20.00, 47.00),
(1784, 248, 'CS4CRT10', 18.00, 55.00),
(1785, 248, 'CS4CRT11', 20.00, 61.00),
(1786, 248, 'MM4CMT03', 18.00, 79.00),
(1787, 249, 'CA4CRT03', 20.00, 49.00),
(1788, 249, 'CS4CRP04', 20.00, 50.00),
(1789, 249, 'CS4CRT09', 19.00, 55.00),
(1790, 249, 'CS4CRT10', 20.00, 54.00),
(1791, 249, 'CS4CRT11', 20.00, 66.00),
(1792, 249, 'MM4CMT03', 20.00, 61.00),
(1793, 250, 'CA4CRT03', 15.00, 43.00),
(1794, 250, 'CS4CRP04', 16.00, 40.00),
(1795, 250, 'CS4CRT09', 15.00, 28.00),
(1796, 250, 'CS4CRT10', 16.00, 15.00),
(1797, 250, 'CS4CRT11', 17.00, 32.00),
(1798, 250, 'MM4CMT03', 17.00, 24.00),
(1799, 251, 'CA4CRT03', 15.00, 24.00),
(1800, 251, 'CS4CRP04', 15.00, 50.00),
(1801, 251, 'CS4CRT09', 17.00, 32.00),
(1802, 251, 'CS4CRT10', 16.00, 5.00),
(1803, 251, 'CS4CRT11', 17.00, 15.00),
(1804, 251, 'MM4CMT03', 17.00, 24.00),
(1805, 252, 'CA4CRT03', 16.00, 24.00),
(1806, 252, 'CS4CRP04', 17.00, 45.00),
(1807, 252, 'CS4CRT09', 15.00, 29.00),
(1808, 252, 'CS4CRT10', 16.00, 24.00),
(1809, 252, 'CS4CRT11', 17.00, 32.00),
(1810, 252, 'MM4CMT03', 17.00, 30.00),
(1811, 253, 'CA4CRT03', 17.00, 34.00),
(1812, 253, 'CS4CRP04', 17.00, 42.00),
(1813, 253, 'CS4CRT09', 15.00, 46.00),
(1814, 253, 'CS4CRT10', 15.00, 42.00),
(1815, 253, 'CS4CRT11', 16.00, 44.00),
(1816, 253, 'MM4CMT03', 16.00, 49.00),
(1817, 254, 'CA4CRT03', 15.00, 34.00),
(1818, 254, 'CS4CRP04', 18.00, 46.00),
(1819, 254, 'CS4CRT09', 16.00, 36.00),
(1820, 254, 'CS4CRT10', 15.00, 30.00),
(1821, 254, 'CS4CRT11', 17.00, 24.00),
(1822, 254, 'MM4CMT03', 17.00, 41.00),
(1823, 255, 'CA4CRT03', 15.00, 7.00),
(1824, 255, 'CS4CRP04', 18.00, 40.00),
(1825, 255, 'CS4CRT09', 16.00, 16.00),
(1826, 255, 'CS4CRT10', 16.00, 10.00),
(1827, 255, 'CS4CRT11', 15.00, 5.00),
(1828, 255, 'MM4CMT03', 15.00, 7.00),
(1829, 256, 'CA4CRT03', 17.00, 12.00),
(1830, 256, 'CS4CRP04', 18.00, 40.00),
(1831, 256, 'CS4CRT09', 15.00, 24.00),
(1832, 256, 'CS4CRT10', 16.00, 10.00),
(1833, 256, 'CS4CRT11', 18.00, 14.00),
(1834, 256, 'MM4CMT03', 18.00, 16.00),
(1835, 259, 'CA4CRT03', 17.00, 27.00),
(1836, 259, 'CS4CRP04', 18.00, 42.00),
(1837, 259, 'CS4CRT09', 18.00, 36.00),
(1838, 259, 'CS4CRT10', 16.00, 36.00),
(1839, 259, 'CS4CRT11', 17.00, 36.00),
(1840, 259, 'MM4CMT03', 16.00, 31.00),
(1841, 260, 'CA4CRT03', 20.00, 33.00),
(1842, 260, 'CS4CRP04', 17.00, 52.00),
(1843, 260, 'CS4CRT09', 18.00, 40.00),
(1844, 260, 'CS4CRT10', 15.00, 35.00),
(1845, 260, 'CS4CRT11', 18.00, 35.00),
(1846, 260, 'MM4CMT03', 15.00, 31.00),
(1847, 261, 'CA4CRT03', 16.00, 37.00),
(1848, 261, 'CS4CRP04', 17.00, 58.00),
(1849, 261, 'CS4CRT09', 17.00, 46.00),
(1850, 261, 'CS4CRT10', 15.00, 44.00),
(1851, 261, 'CS4CRT11', 17.00, 45.00),
(1852, 261, 'MM4CMT03', 15.00, 62.00),
(1853, 262, 'CA4CRT03', 19.00, 43.00),
(1854, 262, 'CS4CRP04', 17.00, 52.00),
(1855, 262, 'CS4CRT09', 18.00, 68.00),
(1856, 262, 'CS4CRT10', 17.00, 50.00),
(1857, 262, 'CS4CRT11', 19.00, 59.00),
(1858, 262, 'MM4CMT03', 18.00, 69.00),
(1859, 263, 'CA4CRT03', 17.00, 28.00),
(1860, 263, 'CS4CRP04', 17.00, 43.00),
(1861, 263, 'CS4CRT09', 17.00, 43.00),
(1862, 263, 'CS4CRT10', 16.00, 27.00),
(1863, 263, 'CS4CRT11', 17.00, 26.00),
(1864, 263, 'MM4CMT03', 17.00, 43.00),
(1865, 264, 'CA4CRT03', 17.00, 25.00),
(1866, 264, 'CS4CRP04', 16.00, 47.00),
(1867, 264, 'CS4CRT09', 17.00, 34.00),
(1868, 264, 'CS4CRT10', 16.00, 29.00),
(1869, 264, 'CS4CRT11', 18.00, 32.00),
(1870, 264, 'MM4CMT03', 17.00, 39.00),
(1871, 265, 'CA4CRT03', 17.00, 29.00),
(1872, 265, 'CS4CRP04', 18.00, 51.00),
(1873, 265, 'CS4CRT09', 16.00, 44.00),
(1874, 265, 'CS4CRT10', 16.00, 35.00),
(1875, 265, 'CS4CRT11', 18.00, 44.00),
(1876, 265, 'MM4CMT03', 16.00, 34.00),
(1877, 266, 'CA4CRT03', 17.00, 31.00),
(1878, 266, 'CS4CRP04', 17.00, 52.00),
(1879, 266, 'CS4CRT09', 18.00, 40.00),
(1880, 266, 'CS4CRT10', 17.00, 37.00),
(1881, 266, 'CS4CRT11', 17.00, 50.00),
(1882, 266, 'MM4CMT03', 18.00, 41.00),
(1883, 267, 'CA4CRT03', 20.00, 28.00),
(1884, 267, 'CS4CRP04', 17.00, 51.00),
(1885, 267, 'CS4CRT09', 20.00, 50.00),
(1886, 267, 'CS4CRT10', 19.00, 35.00),
(1887, 267, 'CS4CRT11', 17.00, 54.00),
(1888, 267, 'MM4CMT03', 19.00, 40.00),
(1889, 268, 'CA4CRT03', 19.00, 25.00),
(1890, 268, 'CS4CRP04', 17.00, 53.00),
(1891, 268, 'CS4CRT09', 19.00, 44.00),
(1892, 268, 'CS4CRT10', 18.00, 25.00),
(1893, 268, 'CS4CRT11', 17.00, 50.00),
(1894, 268, 'MM4CMT03', 18.00, 31.00),
(1895, 269, 'CA4CRT03', 20.00, 53.00),
(1896, 269, 'CS4CRP04', 18.00, 61.00),
(1897, 269, 'CS4CRT09', 17.00, 68.00),
(1898, 269, 'CS4CRT10', 16.00, 57.00),
(1899, 269, 'CS4CRT11', 19.00, 66.00),
(1900, 269, 'MM4CMT03', 18.00, 74.00),
(1901, 270, 'CA4CRT03', 15.00, 39.00),
(1902, 270, 'CS4CRP04', 17.00, 56.00),
(1903, 270, 'CS4CRT09', 18.00, 54.00),
(1904, 270, 'CS4CRT10', 15.00, 37.00),
(1905, 270, 'CS4CRT11', 16.00, 47.00),
(1906, 270, 'MM4CMT03', 15.00, 50.00),
(1907, 271, 'CA4CRT03', 17.00, 42.00),
(1908, 271, 'CS4CRP04', 17.00, 53.00),
(1909, 271, 'CS4CRT09', 17.00, 56.00),
(1910, 271, 'CS4CRT10', 17.00, 32.00),
(1911, 271, 'CS4CRT11', 18.00, 47.00),
(1912, 271, 'MM4CMT03', 17.00, 42.00),
(1913, 272, 'CA4CRT03', 17.00, 42.00),
(1914, 272, 'CS4CRP04', 17.00, 50.00),
(1915, 272, 'CS4CRT09', 17.00, 66.00),
(1916, 272, 'CS4CRT10', 16.00, 57.00),
(1917, 272, 'CS4CRT11', 18.00, 53.00),
(1918, 272, 'MM4CMT03', 17.00, 68.00),
(1919, 273, 'CA4CRT03', 17.00, 10.00),
(1920, 273, 'CS4CRP04', 17.00, 35.00),
(1921, 273, 'CS4CRT09', 17.00, 24.00),
(1922, 273, 'CS4CRT10', 15.00, 7.00),
(1923, 273, 'CS4CRT11', 15.00, 8.00),
(1924, 273, 'MM4CMT03', 17.00, 34.00),
(1925, 274, 'CA4CRT03', 20.00, 44.00),
(1926, 274, 'CS4CRP04', 19.00, 58.00),
(1927, 274, 'CS4CRT09', 20.00, 55.00),
(1928, 274, 'CS4CRT10', 18.00, 51.00),
(1929, 274, 'CS4CRT11', 19.00, 50.00),
(1930, 274, 'MM4CMT03', 19.00, 56.00),
(1931, 275, 'CA4CRT03', 18.00, 29.00),
(1932, 275, 'CS4CRP04', 16.00, 56.00),
(1933, 275, 'CS4CRT09', 18.00, 29.00),
(1934, 275, 'CS4CRT10', 15.00, 50.00),
(1935, 275, 'CS4CRT11', 17.00, 30.00),
(1936, 275, 'MM4CMT03', 18.00, 39.00),
(1937, 276, 'CA4CRT03', 15.00, 24.00),
(1938, 276, 'CS4CRP04', 18.00, 51.00),
(1939, 276, 'CS4CRT09', 19.00, 37.00),
(1940, 276, 'CS4CRT10', 15.00, 9.00),
(1941, 276, 'CS4CRT11', 18.00, 24.00),
(1942, 276, 'MM4CMT03', 18.00, 34.00),
(1943, 278, 'CA4CRT03', 15.00, 4.00),
(1944, 278, 'CS4CRP04', 17.00, 38.00),
(1945, 278, 'CS4CRT09', 17.00, 20.00),
(1946, 278, 'CS4CRT10', 15.00, 4.00),
(1947, 278, 'CS4CRT11', 15.00, 3.00),
(1948, 278, 'MM4CMT03', 17.00, 8.00),
(1949, 279, 'CA4CRT03', 15.00, 26.00),
(1950, 279, 'CS4CRP04', 18.00, 38.00),
(1951, 279, 'CS4CRT09', 15.00, 41.00),
(1952, 279, 'CS4CRT10', 15.00, 26.00),
(1953, 279, 'CS4CRT11', 16.00, 26.00),
(1954, 279, 'MM4CMT03', 15.00, 27.00),
(1955, 280, 'CA4CRT03', 20.00, 46.00),
(1956, 280, 'CS4CRP04', 20.00, 55.00),
(1957, 280, 'CS4CRT09', 20.00, 65.00),
(1958, 280, 'CS4CRT10', 20.00, 38.00),
(1959, 280, 'CS4CRT11', 20.00, 46.00),
(1960, 280, 'MM4CMT03', 20.00, 52.00),
(1961, 281, 'CA4CRT03', 18.00, 46.00),
(1962, 281, 'CS4CRP04', 17.00, 58.00),
(1963, 281, 'CS4CRT09', 19.00, 58.00),
(1964, 281, 'CS4CRT10', 18.00, 24.00),
(1965, 281, 'CS4CRT11', 18.00, 51.00),
(1966, 281, 'MM4CMT03', 18.00, 57.00),
(1967, 282, 'CA4CRT03', 17.00, 12.00),
(1968, 282, 'CS4CRP04', 16.00, 38.00),
(1969, 282, 'CS4CRT09', 17.00, 27.00),
(1970, 282, 'CS4CRT10', 16.00, 24.00),
(1971, 282, 'CS4CRT11', 16.00, 13.00),
(1972, 282, 'MM4CMT03', 17.00, 30.00),
(1973, 283, 'CA4CRT03', 15.00, 29.00),
(1974, 283, 'CS4CRP04', 20.00, 65.00),
(1975, 283, 'CS4CRT09', 17.00, 40.00),
(1976, 283, 'CS4CRT10', 17.00, 41.00),
(1977, 283, 'CS4CRT11', 17.00, 53.00),
(1978, 283, 'MM4CMT03', 17.00, 46.00),
(1979, 284, 'CA4CRT03', 20.00, 55.00),
(1980, 284, 'CS4CRP04', 20.00, 74.00),
(1981, 284, 'CS4CRT09', 20.00, 60.00),
(1982, 284, 'CS4CRT10', 20.00, 55.00),
(1983, 284, 'CS4CRT11', 20.00, 63.00),
(1984, 284, 'MM4CMT03', 20.00, 68.00),
(1985, 285, 'CA4CRT03', 16.00, 26.00),
(1986, 285, 'CS4CRP04', 17.00, 43.00),
(1987, 285, 'CS4CRT09', 17.00, 49.00),
(1988, 285, 'CS4CRT10', 17.00, 27.00),
(1989, 285, 'CS4CRT11', 17.00, 42.00),
(1990, 285, 'MM4CMT03', 17.00, 54.00),
(1991, 287, 'CA4CRT03', 16.00, 30.00),
(1992, 287, 'CS4CRP04', 17.00, 38.00),
(1993, 287, 'CS4CRT09', 18.00, 40.00),
(1994, 287, 'CS4CRT10', 15.00, 8.00),
(1995, 287, 'CS4CRT11', 17.00, 37.00),
(1996, 287, 'MM4CMT03', 17.00, 49.00),
(2777, 288, 'CS5CRP05', 18.00, 32.00),
(2778, 288, 'CS5CRT12', 16.00, 45.00),
(2779, 288, 'CS5CRT13', 15.00, 57.00),
(2780, 288, 'CS5CRT14', 18.00, 30.00),
(2781, 288, 'PE5OPT01', 10.00, 37.00),
(2782, 288, 'CA5PRP01', 19.00, 47.00),
(2783, 289, 'CS5CRP05', 17.00, 46.00),
(2784, 289, 'CS5CRT12', 17.00, 32.00),
(2785, 289, 'CS5CRT13', 16.00, 65.00),
(2786, 289, 'CS5CRT14', 18.00, 44.00),
(2787, 289, 'PE5OPT01', 10.00, 32.00),
(2788, 289, 'CA5PRP01', 19.00, 45.00),
(2789, 290, 'CS5CRP05', 20.00, 77.00),
(2790, 290, 'CS5CRT12', 20.00, 31.00),
(2791, 290, 'CS5CRT13', 19.00, 58.00),
(2792, 290, 'CS5CRT14', 20.00, 34.00),
(2793, 290, 'BA5OPT22', 20.00, 52.00),
(2794, 290, 'CA5PRP01', 20.00, 77.00),
(2795, 291, 'CS5CRP05', 18.00, 40.00),
(2796, 291, 'CS5CRT12', 15.00, 24.00),
(2797, 291, 'CS5CRT13', 15.00, 57.00),
(2798, 291, 'CS5CRT14', 18.00, 24.00),
(2799, 291, 'PE5OPT01', 15.00, 36.00),
(2800, 291, 'CA5PRP01', 18.00, 58.00),
(2801, 292, 'CS5CRP05', 18.00, 44.00),
(2802, 292, 'CS5CRT12', 18.00, 24.00),
(2803, 292, 'CS5CRT13', 16.00, 47.00),
(2804, 292, 'CS5CRT14', 17.00, 25.00),
(2805, 292, 'PE5OPT01', 16.00, 30.00),
(2806, 292, 'CA5PRP01', 20.00, 54.00),
(2807, 293, 'CS5CRP05', 17.00, 26.00),
(2808, 293, 'CS5CRT12', 15.00, 24.00),
(2809, 293, 'CS5CRT13', 15.00, 46.00),
(2810, 293, 'CS5CRT14', 14.00, 25.00),
(2811, 293, 'BA5OPT22', 18.00, 24.00),
(2812, 293, 'CA5PRP01', 17.00, 45.00),
(2813, 294, 'CS5CRP05', 20.00, 68.00),
(2814, 294, 'CS5CRT12', 20.00, 29.00),
(2815, 294, 'CS5CRT13', 19.00, 47.00),
(2816, 294, 'CS5CRT14', 19.00, 41.00),
(2817, 294, 'BA5OPT22', 19.00, 44.00),
(2818, 294, 'CA5PRP01', 18.00, 56.00),
(2819, 295, 'CS5CRP05', 19.00, 58.00),
(2820, 295, 'CS5CRT12', 15.00, 38.00),
(2821, 295, 'CS5CRT13', 18.00, 57.00),
(2822, 295, 'CS5CRT14', 18.00, 39.00),
(2823, 295, 'PE5OPT01', 12.00, 48.00),
(2824, 295, 'CA5PRP01', 17.00, 65.00),
(2825, 296, 'CS5CRP05', 17.00, 43.00),
(2826, 296, 'CS5CRT12', 15.00, 31.00),
(2827, 296, 'CS5CRT13', 15.00, 62.00),
(2828, 296, 'CS5CRT14', 16.00, 39.00),
(2829, 296, 'PE5OPT01', 10.00, 34.00),
(2830, 296, 'CA5PRP01', 13.00, 45.00),
(2831, 297, 'CS5CRP05', 18.00, 42.00),
(2832, 297, 'CS5CRT12', 15.00, 26.00),
(2833, 297, 'CS5CRT13', 15.00, 35.00),
(2834, 297, 'CS5CRT14', 14.00, 35.00),
(2835, 297, 'CO5OPT03', 18.00, 26.00),
(2836, 297, 'CA5PRP01', 19.00, 69.00),
(2837, 298, 'CS5CRP05', 20.00, 64.00),
(2838, 298, 'CS5CRT12', 20.00, 55.00),
(2839, 298, 'CS5CRT13', 20.00, 78.00),
(2840, 298, 'CS5CRT14', 20.00, 58.00),
(2841, 298, 'PE5OPT01', 18.00, 64.00),
(2842, 298, 'CA5PRP01', 20.00, 53.00),
(2843, 299, 'CS5CRP05', 19.00, 52.00),
(2844, 299, 'CS5CRT12', 19.00, 38.00),
(2845, 299, 'CS5CRT13', 16.00, 65.00),
(2846, 299, 'CS5CRT14', 15.00, 48.00),
(2847, 299, 'BA5OPT22', 17.00, 38.00),
(2848, 299, 'CA5PRP01', 20.00, 60.00),
(2849, 300, 'CS5CRP05', 19.00, 68.00),
(2850, 300, 'CS5CRT12', 18.00, 39.00),
(2851, 300, 'CS5CRT13', 15.00, 66.00),
(2852, 300, 'CS5CRT14', 15.00, 48.00),
(2853, 300, 'BA5OPT22', 18.00, 47.00),
(2854, 300, 'CA5PRP01', 17.00, 57.00),
(2855, 301, 'CS5CRP05', 19.00, 58.00),
(2856, 301, 'CS5CRT12', 19.00, 28.00),
(2857, 301, 'CS5CRT13', 16.00, 61.00),
(2858, 301, 'CS5CRT14', 19.00, 43.00),
(2859, 301, 'MM5OPT02', 20.00, 40.00),
(2860, 301, 'CA5PRP01', 19.00, 63.00),
(2861, 302, 'CS5CRP05', 17.00, 36.00),
(2862, 302, 'CS5CRT12', 16.00, 24.00),
(2863, 302, 'CS5CRT13', 15.00, 62.00),
(2864, 302, 'CS5CRT14', 16.00, 37.00),
(2865, 302, 'PE5OPT01', 13.00, 32.00),
(2866, 302, 'CA5PRP01', 18.00, 45.00),
(2867, 303, 'CS5CRP05', 18.00, 49.00),
(2868, 303, 'CS5CRT12', 20.00, 36.00),
(2869, 303, 'CS5CRT13', 15.00, 71.00),
(2870, 303, 'CS5CRT14', 16.00, 39.00),
(2871, 303, 'PE5OPT01', 12.00, 46.00),
(2872, 303, 'CA5PRP01', 18.00, 53.00),
(2873, 304, 'CS5CRP05', 17.00, 64.00),
(2874, 304, 'CS5CRT12', 19.00, 66.00),
(2875, 304, 'CS5CRT13', 15.00, 64.00),
(2876, 304, 'CS5CRT14', 20.00, 49.00),
(2877, 304, 'MM5OPT02', 17.00, 73.00),
(2878, 304, 'CA5PRP01', 19.00, 65.00),
(2879, 305, 'CS5CRP05', 18.00, 38.00),
(2880, 305, 'CS5CRT12', 18.00, 54.00),
(2881, 305, 'CS5CRT13', 19.00, 47.00),
(2882, 305, 'CS5CRT14', 18.00, 40.00),
(2883, 305, 'BA5OPT22', 18.00, 59.00),
(2884, 305, 'CA5PRP01', 17.00, 60.00),
(2885, 306, 'CS5CRP05', 20.00, 78.00),
(2886, 306, 'CS5CRT12', 20.00, 70.00),
(2887, 306, 'CS5CRT13', 20.00, 75.00),
(2888, 306, 'CS5CRT14', 20.00, 62.00),
(2889, 306, 'MM5OPT02', 20.00, 80.00),
(2890, 306, 'CA5PRP01', 20.00, 77.00),
(2891, 307, 'CS5CRP05', 19.00, 38.00),
(2892, 307, 'CS5CRT12', 18.00, 35.00),
(2893, 307, 'CS5CRT13', 15.00, 38.00),
(2894, 307, 'CS5CRT14', 18.00, 32.00),
(2895, 307, 'BA5OPT22', 17.00, 26.00),
(2896, 307, 'CA5PRP01', 19.00, 50.00),
(2897, 308, 'CS5CRP05', 19.00, 41.00),
(2898, 308, 'CS5CRT12', 18.00, 25.00),
(2899, 308, 'CS5CRT13', 15.00, 43.00),
(2900, 308, 'CS5CRT14', 18.00, 25.00),
(2901, 308, 'BA5OPT22', 17.00, 27.00),
(2902, 308, 'CA5PRP01', 16.00, 48.00),
(2903, 309, 'CS5CRP05', 19.00, 60.00),
(2904, 309, 'CS5CRT12', 15.00, 38.00),
(2905, 309, 'CS5CRT13', 17.00, 39.00),
(2906, 309, 'CS5CRT14', 15.00, 31.00),
(2907, 309, 'PE5OPT01', 12.00, 43.00),
(2908, 309, 'CA5PRP01', 17.00, 62.00),
(2909, 310, 'CS5CRP05', 19.00, 50.00),
(2910, 310, 'CS5CRT12', 19.00, 38.00),
(2911, 310, 'CS5CRT13', 19.00, 54.00),
(2912, 310, 'CS5CRT14', 18.00, 39.00),
(2913, 310, 'MM5OPT02', 20.00, 58.00),
(2914, 310, 'CA5PRP01', 18.00, 61.00),
(2915, 311, 'CS5CRP05', 20.00, 72.00),
(2916, 311, 'CS5CRT12', 20.00, 52.00),
(2917, 311, 'CS5CRT13', 19.00, 58.00),
(2918, 311, 'CS5CRT14', 20.00, 50.00),
(2919, 311, 'MM5OPT02', 18.00, 78.00),
(2920, 311, 'CA5PRP01', 20.00, 74.00),
(2921, 312, 'CS5CRP05', 20.00, 60.00),
(2922, 312, 'CS5CRT12', 20.00, 64.00),
(2923, 312, 'CS5CRT13', 19.00, 55.00),
(2924, 312, 'CS5CRT14', 20.00, 51.00),
(2925, 312, 'MM5OPT02', 17.00, 76.00),
(2926, 312, 'CA5PRP01', 20.00, 77.00),
(2927, 313, 'CS5CRP05', 19.00, 49.00),
(2928, 313, 'CS5CRT12', 19.00, 57.00),
(2929, 313, 'CS5CRT13', 18.00, 55.00),
(2930, 313, 'CS5CRT14', 18.00, 53.00),
(2931, 313, 'MM5OPT02', 20.00, 52.00),
(2932, 313, 'CA5PRP01', 18.00, 61.00),
(2933, 314, 'CS5CRP05', 20.00, 56.00),
(2934, 314, 'CS5CRT12', 20.00, 47.00),
(2935, 314, 'CS5CRT13', 18.00, 53.00),
(2936, 314, 'CS5CRT14', 20.00, 58.00),
(2937, 314, 'MM5OPT02', 18.00, 47.00),
(2938, 314, 'CA5PRP01', 20.00, 74.00),
(2939, 315, 'CS5CRP05', 17.00, 32.00),
(2940, 315, 'CS5CRT12', 13.00, 24.00),
(2941, 315, 'CS5CRT13', 14.00, 30.00),
(2942, 315, 'CS5CRT14', 14.00, 31.00),
(2943, 315, 'PE5OPT01', 13.00, 41.00),
(2944, 315, 'CA5PRP01', 18.00, 45.00),
(2945, 316, 'CS5CRP05', 18.00, 32.00),
(2946, 316, 'CS5CRT12', 15.00, 24.00),
(2947, 316, 'CS5CRT13', 16.00, 46.00),
(2948, 316, 'CS5CRT14', 13.00, 9.00),
(2949, 316, 'PE5OPT01', 16.00, 32.00),
(2950, 316, 'CA5PRP01', 13.00, 60.00),
(2951, 317, 'CS5CRP05', 18.00, 36.00),
(2952, 317, 'CS5CRT12', 17.00, 26.00),
(2953, 317, 'CS5CRT13', 15.00, 40.00),
(2954, 317, 'CS5CRT14', 18.00, 30.00),
(2955, 317, 'MM5OPT02', 19.00, 24.00),
(2956, 317, 'CA5PRP01', 19.00, 59.00),
(2957, 318, 'CS5CRP05', 18.00, 56.00),
(2958, 318, 'CS5CRT12', 18.00, 26.00),
(2959, 318, 'CS5CRT13', 16.00, 36.00),
(2960, 318, 'CS5CRT14', 17.00, 36.00),
(2961, 318, 'MM5OPT02', 19.00, 69.00),
(2962, 318, 'CA5PRP01', 17.00, 56.00),
(2963, 319, 'CS5CRP05', 19.00, 40.00),
(2964, 319, 'CS5CRT12', 16.00, 30.00),
(2965, 319, 'CS5CRT13', 18.00, 39.00),
(2966, 319, 'CS5CRT14', 18.00, 24.00),
(2967, 319, 'PE5OPT01', 17.00, 35.00),
(2968, 319, 'CA5PRP01', 17.00, 57.00),
(2969, 320, 'CS5CRP05', 18.00, 27.00),
(2970, 320, 'CS5CRT12', 17.00, 11.00),
(2971, 320, 'CS5CRT13', 15.00, 35.00),
(2972, 320, 'CS5CRT14', 15.00, 10.00),
(2973, 320, 'PE5OPT01', 13.00, 29.00),
(2974, 320, 'CA5PRP01', 18.00, 41.00),
(2975, 321, 'CS5CRP05', 18.00, 33.00),
(2976, 321, 'CS5CRT12', 17.00, 16.00),
(2977, 321, 'CS5CRT13', 15.00, 29.00),
(2978, 321, 'CS5CRT14', 16.00, 24.00),
(2979, 321, 'CO5OPT03', 17.00, 9.00),
(2980, 321, 'CA5PRP01', 17.00, 58.00),
(2981, 322, 'CS5CRP05', 17.00, 27.00),
(2982, 322, 'CS5CRT12', 17.00, 15.00),
(2983, 322, 'CS5CRT13', 15.00, 25.00),
(2984, 322, 'CS5CRT14', 16.00, 24.00),
(2985, 322, 'PE5OPT01', 16.00, 28.00),
(2986, 322, 'CA5PRP01', 19.00, 43.00),
(2987, 323, 'CS5CRP05', 18.00, 40.00),
(2988, 323, 'CS5CRT12', 15.00, 2.00),
(2989, 323, 'CS5CRT13', 16.00, 31.00),
(2990, 323, 'CS5CRT14', 17.00, 4.00),
(2991, 323, 'BA5OPT22', 17.00, 28.00),
(2992, 323, 'CA5PRP01', 17.00, 43.00),
(2993, 324, 'CS5CRP05', 18.00, 46.00),
(2994, 324, 'CS5CRT12', 17.00, 26.00),
(2995, 324, 'CS5CRT13', 16.00, 50.00),
(2996, 324, 'CS5CRT14', 17.00, 35.00),
(2997, 324, 'MM5OPT02', 17.00, 39.00),
(2998, 324, 'CA5PRP01', 17.00, 56.00),
(2999, 325, 'CS5CRP05', 18.00, 42.00),
(3000, 325, 'CS5CRT12', 19.00, 24.00),
(3001, 325, 'CS5CRT13', 16.00, 41.00),
(3002, 325, 'CS5CRT14', 17.00, 24.00),
(3003, 325, 'BA5OPT22', 18.00, 41.00),
(3004, 325, 'CA5PRP01', 19.00, 66.00),
(3005, 326, 'CS5CRP05', 19.00, 28.00),
(3006, 326, 'CS5CRT12', 18.00, 45.00),
(3007, 326, 'CS5CRT13', 16.00, 43.00),
(3008, 326, 'CS5CRT14', 17.00, 45.00),
(3009, 326, 'BA5OPT22', 19.00, 44.00),
(3010, 326, 'CA5PRP01', 20.00, 54.00),
(3011, 327, 'CS5CRP05', 20.00, 73.00),
(3012, 327, 'CS5CRT12', 18.00, 39.00),
(3013, 327, 'CS5CRT13', 16.00, 55.00),
(3014, 327, 'CS5CRT14', 20.00, 56.00),
(3015, 327, 'MM5OPT02', 19.00, 73.00),
(3016, 327, 'CA5PRP01', 18.00, 66.00),
(3017, 328, 'CS5CRP05', 18.00, 46.00),
(3018, 328, 'CS5CRT12', 19.00, 36.00),
(3019, 328, 'CS5CRT13', 16.00, 49.00),
(3020, 328, 'CS5CRT14', 17.00, 41.00),
(3021, 328, 'BA5OPT22', 18.00, 42.00),
(3022, 328, 'CA5PRP01', 18.00, 56.00),
(3023, 329, 'CS5CRP05', 18.00, 41.00),
(3024, 329, 'CS5CRT12', 19.00, 33.00),
(3025, 329, 'CS5CRT13', 17.00, 37.00),
(3026, 329, 'CS5CRT14', 15.00, 37.00),
(3027, 329, 'MM5OPT02', 19.00, 47.00),
(3028, 329, 'CA5PRP01', 19.00, 63.00),
(3029, 330, 'CS5CRP05', 19.00, 62.00),
(3030, 330, 'CS5CRT12', 19.00, 35.00),
(3031, 330, 'CS5CRT13', 15.00, 50.00),
(3032, 330, 'CS5CRT14', 20.00, 43.00),
(3033, 330, 'BA5OPT22', 19.00, 42.00),
(3034, 330, 'CA5PRP01', 18.00, 56.00),
(3035, 331, 'CS5CRP05', 20.00, 48.00),
(3036, 331, 'CS5CRT12', 19.00, 38.00),
(3037, 331, 'CS5CRT13', 16.00, 44.00),
(3038, 331, 'CS5CRT14', 20.00, 34.00),
(3039, 331, 'MM5OPT02', 19.00, 45.00),
(3040, 331, 'CA5PRP01', 18.00, 67.00),
(3041, 332, 'CS5CRP05', 18.00, 28.00),
(3042, 332, 'CS5CRT12', 19.00, 38.00),
(3043, 332, 'CS5CRT13', 17.00, 42.00),
(3044, 332, 'CS5CRT14', 18.00, 34.00),
(3045, 332, 'PE5OPT01', 13.00, 44.00),
(3046, 332, 'CA5PRP01', 18.00, 45.00),
(3047, 333, 'CS5CRP05', 19.00, 53.00),
(3048, 333, 'CS5CRT12', 18.00, 35.00),
(3049, 333, 'CS5CRT13', 17.00, 45.00),
(3050, 333, 'CS5CRT14', 18.00, 43.00),
(3051, 333, 'MM5OPT02', 19.00, 50.00),
(3052, 333, 'CA5PRP01', 18.00, 60.00),
(3053, 334, 'CS5CRP05', 20.00, 65.00),
(3054, 334, 'CS5CRT12', 20.00, 63.00),
(3055, 334, 'CS5CRT13', 19.00, 51.00),
(3056, 334, 'CS5CRT14', 19.00, 45.00),
(3057, 334, 'BA5OPT22', 20.00, 47.00),
(3058, 334, 'CA5PRP01', 20.00, 61.00),
(3059, 335, 'CS5CRP05', 19.00, 40.00),
(3060, 335, 'CS5CRT12', 15.00, 50.00),
(3061, 335, 'CS5CRT13', 17.00, 52.00),
(3062, 335, 'CS5CRT14', 18.00, 36.00),
(3063, 335, 'BA5OPT22', 18.00, 50.00),
(3064, 335, 'CA5PRP01', 19.00, 48.00),
(3065, 336, 'CS5CRP05', 18.00, 43.00),
(3066, 336, 'CS5CRT12', 19.00, 43.00),
(3067, 336, 'CS5CRT13', 16.00, 44.00),
(3068, 336, 'CS5CRT14', 17.00, 50.00),
(3069, 336, 'BA5OPT22', 20.00, 46.00),
(3070, 336, 'CA5PRP01', 20.00, 53.00),
(3071, 337, 'CS5CRP05', 18.00, 51.00),
(3072, 337, 'CS5CRT12', 18.00, 47.00),
(3073, 337, 'CS5CRT13', 15.00, 52.00),
(3074, 337, 'CS5CRT14', 16.00, 47.00),
(3075, 337, 'BA5OPT22', 18.00, 33.00),
(3076, 337, 'CA5PRP01', 19.00, 52.00),
(3077, 338, 'CS5CRP05', 19.00, 15.00),
(3078, 338, 'CS5CRT12', 15.00, 24.00),
(3079, 338, 'CS5CRT13', 15.00, 30.00),
(3080, 338, 'CS5CRT14', 16.00, 24.00),
(3081, 338, 'CO5OPT03', 12.00, 24.00),
(3082, 338, 'CA5PRP01', 16.00, 45.00),
(3083, 339, 'CS5CRP05', 19.00, 48.00),
(3084, 339, 'CS5CRT12', 16.00, 42.00),
(3085, 339, 'CS5CRT13', 19.00, 47.00),
(3086, 339, 'CS5CRT14', 18.00, 43.00),
(3087, 339, 'PE5OPT01', 14.00, 59.00),
(3088, 339, 'CA5PRP01', 18.00, 56.00),
(3089, 340, 'CS5CRP05', 18.00, 36.00),
(3090, 340, 'CS5CRT12', 17.00, 31.00),
(3091, 340, 'CS5CRT13', 15.00, 37.00),
(3092, 340, 'CS5CRT14', 18.00, 42.00),
(3093, 340, 'MM5OPT02', 19.00, 37.00),
(3094, 340, 'CA5PRP01', 19.00, 56.00),
(3095, 341, 'CS5CRP05', 19.00, 32.00),
(3096, 341, 'CS5CRT12', 19.00, 25.00),
(3097, 341, 'CS5CRT13', 16.00, 31.00),
(3098, 341, 'CS5CRT14', 16.00, 24.00),
(3099, 341, 'BA5OPT22', 17.00, 27.00),
(3100, 341, 'CA5PRP01', 17.00, 58.00),
(3101, 342, 'CS5CRP05', 18.00, 15.00),
(3102, 342, 'CS5CRT12', 16.00, 24.00),
(3103, 342, 'CS5CRT13', 15.00, 30.00),
(3104, 342, 'CS5CRT14', 17.00, 10.00),
(3105, 342, 'PE5OPT01', 10.00, 40.00),
(3106, 342, 'CA5PRP01', 18.00, 41.00),
(3107, 343, 'CS5CRP05', 17.00, 14.00),
(3108, 343, 'CS5CRT12', 15.00, 24.00),
(3109, 343, 'CS5CRT13', 15.00, 17.00),
(3110, 343, 'CS5CRT14', 13.00, 8.00),
(3111, 343, 'CO5OPT03', 14.00, 6.00),
(3112, 343, 'CA5PRP01', 17.00, 43.00),
(3113, 344, 'CS5CRP05', 17.00, 17.00),
(3114, 344, 'CS5CRT12', 15.00, 32.00),
(3115, 344, 'CS5CRT13', 15.00, 36.00),
(3116, 344, 'CS5CRT14', 16.00, 26.00),
(3117, 344, 'CO5OPT03', 14.00, 27.00),
(3118, 344, 'CA5PRP01', 18.00, 43.00),
(3119, 345, 'CS5CRP05', 20.00, 54.00),
(3120, 345, 'CS5CRT12', 20.00, 46.00),
(3121, 345, 'CS5CRT13', 20.00, 56.00),
(3122, 345, 'CS5CRT14', 19.00, 52.00),
(3123, 345, 'MM5OPT02', 20.00, 51.00),
(3124, 345, 'CA5PRP01', 19.00, 67.00),
(3125, 346, 'CS5CRP05', 17.00, 42.00),
(3126, 346, 'CS5CRT12', 17.00, 55.00),
(3127, 346, 'CS5CRT13', 15.00, 57.00),
(3128, 346, 'CS5CRT14', 17.00, 54.00),
(3129, 346, 'PE5OPT01', 10.00, 46.00),
(3130, 346, 'CA5PRP01', 18.00, 45.00),
(3131, 347, 'CS5CRP05', 18.00, 39.00),
(3132, 347, 'CS5CRT12', 18.00, 10.00),
(3133, 347, 'CS5CRT13', 15.00, 14.00),
(3134, 347, 'CS5CRT14', 17.00, 24.00),
(3135, 347, 'MM5OPT02', 17.00, 8.00),
(3136, 347, 'CA5PRP01', 17.00, 60.00),
(3137, 348, 'CS5CRP05', 18.00, 32.00),
(3138, 348, 'CS5CRT12', 16.00, 52.00),
(3139, 348, 'CS5CRT13', 17.00, 45.00),
(3140, 348, 'CS5CRT14', 17.00, 43.00),
(3141, 348, 'BA5OPT22', 18.00, 41.00),
(3142, 348, 'CA5PRP01', 17.00, 57.00),
(3143, 349, 'CS5CRP05', 20.00, 79.00),
(3144, 349, 'CS5CRT12', 20.00, 69.00),
(3145, 349, 'CS5CRT13', 20.00, 56.00),
(3146, 349, 'CS5CRT14', 20.00, 69.00),
(3147, 349, 'MM5OPT02', 20.00, 80.00),
(3148, 349, 'CA5PRP01', 20.00, 77.00),
(3149, 350, 'CS5CRP05', 19.00, 36.00),
(3150, 350, 'CS5CRT12', 16.00, 38.00),
(3151, 350, 'CS5CRT13', 15.00, 46.00),
(3152, 350, 'CS5CRT14', 16.00, 43.00),
(3153, 350, 'BA5OPT22', 17.00, 32.00),
(3154, 350, 'CA5PRP01', 17.00, 45.00),
(3155, 351, 'CS5CRP05', 19.00, 36.00),
(3156, 351, 'CS5CRT12', 16.00, 29.00),
(3157, 351, 'CS5CRT13', 16.00, 30.00),
(3158, 351, 'CS5CRT14', 15.00, 28.00),
(3159, 351, 'PE5OPT01', 11.00, 29.00),
(3160, 351, 'CA5PRP01', 18.00, 51.00),
(3161, 352, 'CS5CRP05', 19.00, 40.00),
(3162, 352, 'CS5CRT12', 15.00, 45.00),
(3163, 352, 'CS5CRT13', 15.00, 48.00),
(3164, 352, 'CS5CRT14', 16.00, 33.00),
(3165, 352, 'BA5OPT22', 17.00, 47.00),
(3166, 352, 'CA5PRP01', 18.00, 45.00),
(3167, 353, 'CA6CRT04', 15.00, 31.00),
(3168, 353, 'CS6CRT15', 16.00, 47.00),
(3169, 353, 'CA6PRP02', 17.00, 52.00),
(3170, 353, 'CS6CBT02', 18.00, 39.00),
(3171, 353, 'CA6SMP01', 85.00, 0.00),
(3172, 353, 'CA6VVP01', 0.00, 58.00),
(3173, 354, 'CA6CRT04', 15.00, 36.00),
(3174, 354, 'CS6CRT15', 18.00, 42.00),
(3175, 354, 'CA6PRP02', 20.00, 57.00),
(3176, 354, 'CS6CBT02', 16.00, 53.00),
(3177, 354, 'CA6SMP01', 85.00, 0.00),
(3178, 354, 'CA6VVP01', 0.00, 60.00),
(3179, 355, 'CA6CRT04', 19.00, 47.00),
(3180, 355, 'CS6CRT15', 20.00, 51.00),
(3181, 355, 'CA6PRP02', 20.00, 66.00),
(3182, 355, 'CS6CBT02', 18.00, 56.00),
(3183, 355, 'CA6SMP01', 96.00, 0.00),
(3184, 355, 'CA6VVP01', 0.00, 75.00),
(3185, 356, 'CA6CRT04', 15.00, 33.00),
(3186, 356, 'CS6CRT15', 18.00, 33.00),
(3187, 356, 'CA6PRP02', 18.00, 56.00),
(3188, 356, 'CS6CBT02', 18.00, 43.00),
(3189, 356, 'CA6SMP01', 93.00, 0.00),
(3190, 356, 'CA6VVP01', 0.00, 56.00),
(3191, 357, 'CA6CRT04', 15.00, 24.00),
(3192, 357, 'CS6CRT15', 17.00, 24.00),
(3193, 357, 'CA6PRP02', 17.00, 60.00),
(3194, 357, 'CS6CBT02', 16.00, 24.00),
(3195, 357, 'CA6SMP01', 94.00, 0.00),
(3196, 357, 'CA6VVP01', 0.00, 55.00),
(3197, 358, 'CA6CRT04', 15.00, 25.00),
(3198, 358, 'CS6CRT15', 16.00, 28.00),
(3199, 358, 'CA6PRP02', 16.00, 45.00),
(3200, 358, 'CS6CBT02', 15.00, 31.00),
(3201, 358, 'CA6SMP01', 90.00, 0.00),
(3202, 358, 'CA6VVP01', 0.00, 52.00),
(3203, 359, 'CA6CRT04', 16.00, 39.00),
(3204, 359, 'CS6CRT15', 19.00, 47.00),
(3205, 359, 'CA6PRP02', 19.00, 70.00),
(3206, 359, 'CS6CBT02', 16.00, 63.00),
(3207, 359, 'CA6SMP01', 98.00, 0.00),
(3208, 359, 'CA6VVP01', 0.00, 65.00),
(3209, 360, 'CA6CRT04', 15.00, 40.00),
(3210, 360, 'CS6CRT15', 16.00, 49.00),
(3211, 360, 'CA6PRP02', 17.00, 50.00),
(3212, 360, 'CS6CBT02', 15.00, 56.00),
(3213, 360, 'CA6SMP01', 93.00, 0.00),
(3214, 360, 'CA6VVP01', 0.00, 50.00),
(3215, 361, 'CA6CRT04', 15.00, 27.00),
(3216, 361, 'CS6CRT15', 17.00, 44.00),
(3217, 361, 'CA6PRP02', 15.00, 65.00),
(3218, 361, 'CS6CBT02', 15.00, 55.00),
(3219, 361, 'CA6SMP01', 85.00, 0.00),
(3220, 361, 'CA6VVP01', 0.00, 60.00),
(3221, 362, 'CA6CRT04', 15.00, 26.00),
(3222, 362, 'CS6CRT15', 18.00, 26.00),
(3223, 362, 'CA6PRP02', 19.00, 74.00),
(3224, 362, 'CS6CBT02', 16.00, 26.00),
(3225, 362, 'CA6SMP01', 100.00, 0.00),
(3226, 362, 'CA6VVP01', 0.00, 80.00),
(3227, 363, 'CA6CRT04', 17.00, 75.00),
(3228, 363, 'CS6CRT15', 20.00, 76.00),
(3229, 363, 'CA6PRP02', 20.00, 68.00),
(3230, 363, 'CS6CBT02', 20.00, 77.00),
(3231, 363, 'CA6SMP01', 98.00, 0.00),
(3232, 363, 'CA6VVP01', 0.00, 72.00),
(3233, 364, 'CA6CRT04', 15.00, 47.00),
(3234, 364, 'CS6CRT15', 17.00, 39.00),
(3235, 364, 'CA6PRP02', 18.00, 60.00),
(3236, 364, 'CS6CBT02', 18.00, 49.00),
(3237, 364, 'CA6SMP01', 92.00, 0.00),
(3238, 364, 'CA6VVP01', 0.00, 55.00),
(3239, 365, 'CA6CRT04', 18.00, 73.00),
(3240, 365, 'CS6CRT15', 19.00, 45.00),
(3241, 365, 'CA6PRP02', 16.00, 52.00),
(3242, 365, 'CS6CBT02', 16.00, 67.00),
(3243, 365, 'CA6SMP01', 95.00, 0.00),
(3244, 365, 'CA6VVP01', 0.00, 85.00),
(3245, 366, 'CA6CRT04', 15.00, 39.00),
(3246, 366, 'CS6CRT15', 18.00, 40.00),
(3247, 366, 'CA6PRP02', 18.00, 60.00),
(3248, 366, 'CS6CBT02', 18.00, 42.00),
(3249, 366, 'CA6SMP01', 92.00, 0.00),
(3250, 366, 'CA6VVP01', 0.00, 60.00),
(3251, 367, 'CA6CRT04', 15.00, 24.00),
(3252, 367, 'CS6CRT15', 19.00, 31.00),
(3253, 367, 'CA6PRP02', 15.00, 45.00),
(3254, 367, 'CS6CBT02', 18.00, 35.00),
(3255, 367, 'CA6SMP01', 85.00, 0.00),
(3256, 367, 'CA6VVP01', 0.00, 50.00),
(3257, 368, 'CA6CRT04', 15.00, 40.00),
(3258, 368, 'CS6CRT15', 17.00, 36.00),
(3259, 368, 'CA6PRP02', 17.00, 50.00),
(3260, 368, 'CS6CBT02', 16.00, 53.00),
(3261, 368, 'CA6SMP01', 97.00, 0.00),
(3262, 368, 'CA6VVP01', 0.00, 55.00),
(3263, 369, 'CA6CRT04', 16.00, 50.00),
(3264, 369, 'CS6CRT15', 18.00, 57.00),
(3265, 369, 'CA6PRP02', 20.00, 62.00),
(3266, 369, 'CS6CBT02', 15.00, 67.00),
(3267, 369, 'CA6SMP01', 97.00, 0.00),
(3268, 369, 'CA6VVP01', 0.00, 68.00),
(3269, 370, 'CA6CRT04', 15.00, 56.00),
(3270, 370, 'CS6CRT15', 15.00, 53.00),
(3271, 370, 'CA6PRP02', 18.00, 48.00),
(3272, 370, 'CS6CBT02', 19.00, 46.00),
(3273, 370, 'CA6SMP01', 96.00, 0.00),
(3274, 370, 'CA6VVP01', 0.00, 58.00),
(3275, 371, 'CA6CRT04', 20.00, 67.00),
(3276, 371, 'CS6CRT15', 20.00, 70.00),
(3277, 371, 'CA6PRP02', 20.00, 70.00),
(3278, 371, 'CS6CBT02', 20.00, 74.00),
(3279, 371, 'CA6SMP01', 100.00, 0.00),
(3280, 371, 'CA6VVP01', 0.00, 90.00),
(3281, 372, 'CA6CRT04', 16.00, 27.00),
(3282, 372, 'CS6CRT15', 17.00, 48.00),
(3283, 372, 'CA6PRP02', 16.00, 69.00),
(3284, 372, 'CS6CBT02', 16.00, 25.00),
(3285, 372, 'CA6SMP01', 92.00, 0.00),
(3286, 372, 'CA6VVP01', 0.00, 60.00),
(3287, 373, 'CA6CRT04', 16.00, 31.00),
(3288, 373, 'CS6CRT15', 16.00, 39.00),
(3289, 373, 'CA6PRP02', 17.00, 60.00),
(3290, 373, 'CS6CBT02', 19.00, 25.00),
(3291, 373, 'CA6SMP01', 88.00, 0.00),
(3292, 373, 'CA6VVP01', 0.00, 58.00),
(3293, 374, 'CA6CRT04', 15.00, 29.00),
(3294, 374, 'CS6CRT15', 17.00, 55.00),
(3295, 374, 'CA6PRP02', 19.00, 66.00),
(3296, 374, 'CS6CBT02', 19.00, 51.00),
(3297, 374, 'CA6SMP01', 98.00, 0.00),
(3298, 374, 'CA6VVP01', 0.00, 60.00),
(3299, 375, 'CA6CRT04', 17.00, 42.00),
(3300, 375, 'CS6CRT15', 20.00, 57.00),
(3301, 375, 'CA6PRP02', 17.00, 62.00),
(3302, 375, 'CS6CBT02', 20.00, 60.00),
(3303, 375, 'CA6SMP01', 92.00, 0.00),
(3304, 375, 'CA6VVP01', 0.00, 65.00),
(3305, 376, 'CA6CRT04', 17.00, 38.00),
(3306, 376, 'CS6CRT15', 20.00, 63.00),
(3307, 376, 'CA6PRP02', 19.00, 62.00),
(3308, 376, 'CS6CBT02', 18.00, 54.00),
(3309, 376, 'CA6SMP01', 95.00, 0.00),
(3310, 376, 'CA6VVP01', 0.00, 85.00),
(3311, 377, 'CA6CRT04', 18.00, 52.00),
(3312, 377, 'CS6CRT15', 20.00, 68.00),
(3313, 377, 'CA6PRP02', 20.00, 73.00),
(3314, 377, 'CS6CBT02', 18.00, 60.00),
(3315, 377, 'CA6SMP01', 100.00, 0.00),
(3316, 377, 'CA6VVP01', 0.00, 85.00),
(3317, 378, 'CA6CRT04', 18.00, 58.00),
(3318, 378, 'CS6CRT15', 20.00, 60.00),
(3319, 378, 'CA6PRP02', 17.00, 50.00),
(3320, 378, 'CS6CBT02', 20.00, 49.00),
(3321, 378, 'CA6SMP01', 92.00, 0.00),
(3322, 378, 'CA6VVP01', 0.00, 60.00),
(3323, 379, 'CA6CRT04', 20.00, 47.00),
(3324, 379, 'CS6CRT15', 20.00, 66.00),
(3325, 379, 'CA6PRP02', 19.00, 58.00),
(3326, 379, 'CS6CBT02', 20.00, 64.00),
(3327, 379, 'CA6SMP01', 92.00, 0.00),
(3328, 379, 'CA6VVP01', 0.00, 68.00),
(3329, 380, 'CA6CRT04', 15.00, 35.00),
(3330, 380, 'CS6CRT15', 16.00, 37.00),
(3331, 380, 'CA6PRP02', 15.00, 45.00),
(3332, 380, 'CS6CBT02', 16.00, 33.00),
(3333, 380, 'CA6SMP01', 91.00, 0.00),
(3334, 380, 'CA6VVP01', 0.00, 50.00),
(3335, 381, 'CA6CRT04', 15.00, 28.00),
(3336, 381, 'CS6CRT15', 16.00, 24.00),
(3337, 381, 'CA6PRP02', 17.00, 45.00),
(3338, 381, 'CS6CBT02', 15.00, 45.00),
(3339, 381, 'CA6SMP01', 90.00, 0.00),
(3340, 381, 'CA6VVP01', 0.00, 53.00),
(3341, 382, 'CA6CRT04', 16.00, 26.00),
(3342, 382, 'CS6CRT15', 17.00, 27.00),
(3343, 382, 'CA6PRP02', 17.00, 62.00),
(3344, 382, 'CS6CBT02', 15.00, 38.00),
(3345, 382, 'CA6SMP01', 91.00, 0.00),
(3346, 382, 'CA6VVP01', 0.00, 60.00),
(3347, 383, 'CA6CRT04', 15.00, 29.00),
(3348, 383, 'CS6CRT15', 17.00, 27.00),
(3349, 383, 'CA6PRP02', 17.00, 61.00),
(3350, 383, 'CS6CBT02', 17.00, 42.00),
(3351, 383, 'CA6SMP01', 90.00, 0.00),
(3352, 383, 'CA6VVP01', 0.00, 65.00),
(3353, 384, 'CA6CRT04', 15.00, 36.00),
(3354, 384, 'CS6CRT15', 17.00, 29.00),
(3355, 384, 'CA6PRP02', 16.00, 65.00),
(3356, 384, 'CS6CBT02', 15.00, 54.00),
(3357, 384, 'CA6SMP01', 91.00, 0.00),
(3358, 384, 'CA6VVP01', 0.00, 68.00),
(3359, 385, 'CA6CRT04', 15.00, 2.00),
(3360, 385, 'CS6CRT15', 18.00, 12.00),
(3361, 385, 'CA6PRP02', 15.00, 0.00),
(3362, 385, 'CS6CBT02', 15.00, 0.00),
(3363, 385, 'CA6SMP01', 91.00, 0.00),
(3364, 385, 'CA6VVP01', 0.00, 0.00),
(3365, 386, 'CA6CRT04', 15.00, 7.00),
(3366, 386, 'CS6CRT15', 17.00, 36.00),
(3367, 386, 'CA6PRP02', 15.00, 45.00),
(3368, 386, 'CS6CBT02', 17.00, 40.00),
(3369, 386, 'CA6SMP01', 91.00, 0.00),
(3370, 386, 'CA6VVP01', 0.00, 53.00),
(3371, 387, 'CA6CRT04', 15.00, 11.00),
(3372, 387, 'CS6CRT15', 15.00, 27.00),
(3373, 387, 'CA6PRP02', 15.00, 60.00),
(3374, 387, 'CS6CBT02', 16.00, 40.00),
(3375, 387, 'CA6SMP01', 91.00, 0.00),
(3376, 387, 'CA6VVP01', 0.00, 55.00),
(3377, 388, 'CA6CRT04', 15.00, 5.00),
(3378, 388, 'CS6CRT15', 16.00, 25.00),
(3379, 388, 'CA6PRP02', 15.00, 45.00),
(3380, 388, 'CS6CBT02', 16.00, 30.00),
(3381, 388, 'CA6SMP01', 85.00, 0.00),
(3382, 388, 'CA6VVP01', 0.00, 50.00),
(3383, 389, 'CA6CRT04', 16.00, 38.00),
(3384, 389, 'CS6CRT15', 17.00, 40.00),
(3385, 389, 'CA6PRP02', 16.00, 63.00),
(3386, 389, 'CS6CBT02', 17.00, 43.00),
(3387, 389, 'CA6SMP01', 85.00, 0.00),
(3388, 389, 'CA6VVP01', 0.00, 64.00),
(3389, 390, 'CA6CRT04', 16.00, 32.00),
(3390, 390, 'CS6CRT15', 18.00, 39.00),
(3391, 390, 'CA6PRP02', 18.00, 58.00),
(3392, 390, 'CS6CBT02', 15.00, 30.00),
(3393, 390, 'CA6SMP01', 96.00, 0.00),
(3394, 390, 'CA6VVP01', 0.00, 62.00),
(3395, 391, 'CA6CRT04', 15.00, 36.00),
(3396, 391, 'CS6CRT15', 16.00, 45.00),
(3397, 391, 'CA6PRP02', 18.00, 69.00),
(3398, 391, 'CS6CBT02', 15.00, 41.00),
(3399, 391, 'CA6SMP01', 85.00, 0.00),
(3400, 391, 'CA6VVP01', 0.00, 70.00),
(3401, 392, 'CA6CRT04', 15.00, 50.00),
(3402, 392, 'CS6CRT15', 17.00, 50.00),
(3403, 392, 'CA6PRP02', 16.00, 60.00),
(3404, 392, 'CS6CBT02', 17.00, 51.00),
(3405, 392, 'CA6SMP01', 90.00, 0.00),
(3406, 392, 'CA6VVP01', 0.00, 56.00),
(3407, 393, 'CA6CRT04', 15.00, 28.00),
(3408, 393, 'CS6CRT15', 18.00, 33.00),
(3409, 393, 'CA6PRP02', 17.00, 58.00),
(3410, 393, 'CS6CBT02', 18.00, 41.00),
(3411, 393, 'CA6SMP01', 85.00, 0.00),
(3412, 393, 'CA6VVP01', 0.00, 56.00),
(3413, 394, 'CA6CRT04', 16.00, 28.00),
(3414, 394, 'CS6CRT15', 17.00, 27.00),
(3415, 394, 'CA6PRP02', 17.00, 62.00),
(3416, 394, 'CS6CBT02', 15.00, 30.00),
(3417, 394, 'CA6SMP01', 80.00, 0.00),
(3418, 394, 'CA6VVP01', 0.00, 60.00),
(3419, 395, 'CA6CRT04', 15.00, 45.00),
(3420, 395, 'CS6CRT15', 18.00, 29.00),
(3421, 395, 'CA6PRP02', 17.00, 62.00),
(3422, 395, 'CS6CBT02', 18.00, 43.00),
(3423, 395, 'CA6SMP01', 95.00, 0.00),
(3424, 395, 'CA6VVP01', 0.00, 65.00),
(3425, 396, 'CA6CRT04', 16.00, 42.00),
(3426, 396, 'CS6CRT15', 17.00, 32.00),
(3427, 396, 'CA6PRP02', 16.00, 68.00),
(3428, 396, 'CS6CBT02', 17.00, 32.00),
(3429, 396, 'CA6SMP01', 91.00, 0.00),
(3430, 396, 'CA6VVP01', 0.00, 68.00),
(3431, 397, 'CA6CRT04', 15.00, 40.00),
(3432, 397, 'CS6CRT15', 18.00, 43.00),
(3433, 397, 'CA6PRP02', 20.00, 73.00),
(3434, 397, 'CS6CBT02', 16.00, 44.00),
(3435, 397, 'CA6SMP01', 94.00, 0.00),
(3436, 397, 'CA6VVP01', 0.00, 72.00),
(3437, 398, 'CA6CRT04', 18.00, 43.00),
(3438, 398, 'CS6CRT15', 19.00, 47.00),
(3439, 398, 'CA6PRP02', 16.00, 48.00),
(3440, 398, 'CS6CBT02', 16.00, 50.00),
(3441, 398, 'CA6SMP01', 94.00, 0.00),
(3442, 398, 'CA6VVP01', 0.00, 55.00),
(3443, 399, 'CA6CRT04', 16.00, 60.00),
(3444, 399, 'CS6CRT15', 18.00, 57.00),
(3445, 399, 'CA6PRP02', 20.00, 75.00),
(3446, 399, 'CS6CBT02', 17.00, 64.00),
(3447, 399, 'CA6SMP01', 100.00, 0.00),
(3448, 399, 'CA6VVP01', 0.00, 85.00),
(3449, 400, 'CA6CRT04', 15.00, 48.00),
(3450, 400, 'CS6CRT15', 16.00, 59.00),
(3451, 400, 'CA6PRP02', 18.00, 46.00),
(3452, 400, 'CS6CBT02', 18.00, 50.00),
(3453, 400, 'CA6SMP01', 87.00, 0.00),
(3454, 400, 'CA6VVP01', 0.00, 55.00),
(3455, 401, 'CA6CRT04', 15.00, 36.00),
(3456, 401, 'CS6CRT15', 18.00, 60.00),
(3457, 401, 'CA6PRP02', 17.00, 66.00),
(3458, 401, 'CS6CBT02', 17.00, 51.00),
(3459, 401, 'CA6SMP01', 91.00, 0.00),
(3460, 401, 'CA6VVP01', 0.00, 68.00),
(3461, 402, 'CA6CRT04', 15.00, 58.00),
(3462, 402, 'CS6CRT15', 17.00, 62.00),
(3463, 402, 'CA6PRP02', 16.00, 60.00),
(3464, 402, 'CS6CBT02', 16.00, 52.00),
(3465, 402, 'CA6SMP01', 91.00, 0.00),
(3466, 402, 'CA6VVP01', 0.00, 56.00),
(3467, 403, 'CA6CRT04', 15.00, 16.00),
(3468, 403, 'CS6CRT15', 16.00, 30.00),
(3469, 403, 'CA6PRP02', 15.00, 61.00),
(3470, 403, 'CS6CBT02', 15.00, 6.00),
(3471, 403, 'CA6SMP01', 90.00, 0.00),
(3472, 403, 'CA6VVP01', 0.00, 56.00),
(3473, 404, 'CA6CRT04', 16.00, 39.00),
(3474, 404, 'CS6CRT15', 19.00, 57.00),
(3475, 404, 'CA6PRP02', 16.00, 48.00),
(3476, 404, 'CS6CBT02', 17.00, 44.00),
(3477, 404, 'CA6SMP01', 93.00, 0.00),
(3478, 404, 'CA6VVP01', 0.00, 63.00),
(3479, 405, 'CA6CRT04', 15.00, 30.00),
(3480, 405, 'CS6CRT15', 18.00, 40.00),
(3481, 405, 'CA6PRP02', 17.00, 56.00),
(3482, 405, 'CS6CBT02', 15.00, 32.00),
(3483, 405, 'CA6SMP01', 91.00, 0.00),
(3484, 405, 'CA6VVP01', 0.00, 55.00),
(3485, 406, 'CA6CRT04', 15.00, 6.00),
(3486, 406, 'CS6CRT15', 17.00, 24.00),
(3487, 406, 'CA6PRP02', 18.00, 62.00),
(3488, 406, 'CS6CBT02', 16.00, 14.00),
(3489, 406, 'CA6SMP01', 90.00, 0.00),
(3490, 406, 'CA6VVP01', 0.00, 56.00),
(3491, 407, 'CA6CRT04', 15.00, 5.00),
(3492, 407, 'CS6CRT15', 16.00, 18.00),
(3493, 407, 'CA6PRP02', 17.00, 48.00),
(3494, 407, 'CS6CBT02', 17.00, 14.00),
(3495, 407, 'CA6SMP01', 85.00, 0.00),
(3496, 407, 'CA6VVP01', 0.00, 57.00),
(3497, 408, 'CA6CRT04', 15.00, 8.00),
(3498, 408, 'CS6CRT15', 17.00, 1.00),
(3499, 408, 'CA6PRP02', 17.00, 45.00),
(3500, 408, 'CS6CBT02', 15.00, 8.00),
(3501, 408, 'CA6SMP01', 85.00, 0.00),
(3502, 408, 'CA6VVP01', 0.00, 50.00),
(3503, 409, 'CA6CRT04', 15.00, 26.00),
(3504, 409, 'CS6CRT15', 16.00, 34.00),
(3505, 409, 'CA6PRP02', 17.00, 45.00),
(3506, 409, 'CS6CBT02', 17.00, 31.00),
(3507, 409, 'CA6SMP01', 89.00, 0.00),
(3508, 409, 'CA6VVP01', 0.00, 50.00),
(3509, 410, 'CA6CRT04', 19.00, 67.00),
(3510, 410, 'CS6CRT15', 20.00, 62.00),
(3511, 410, 'CA6PRP02', 18.00, 71.00),
(3512, 410, 'CS6CBT02', 20.00, 66.00),
(3513, 410, 'CA6SMP01', 95.00, 0.00),
(3514, 410, 'CA6VVP01', 0.00, 82.00),
(3515, 411, 'CA6CRT04', 16.00, 26.00),
(3516, 411, 'CS6CRT15', 15.00, 48.00),
(3517, 411, 'CA6PRP02', 15.00, 45.00),
(3518, 411, 'CS6CBT02', 16.00, 50.00),
(3519, 411, 'CA6SMP01', 85.00, 0.00),
(3520, 411, 'CA6VVP01', 0.00, 58.00),
(3521, 412, 'CA6CRT04', 16.00, 24.00),
(3522, 412, 'CS6CRT15', 17.00, 17.00),
(3523, 412, 'CA6PRP02', 16.00, 56.00),
(3524, 412, 'CS6CBT02', 17.00, 13.00),
(3525, 412, 'CA6SMP01', 85.00, 0.00),
(3526, 412, 'CA6VVP01', 0.00, 55.00),
(3527, 413, 'CA6CRT04', 15.00, 47.00),
(3528, 413, 'CS6CRT15', 17.00, 38.00),
(3529, 413, 'CA6PRP02', 17.00, 52.00),
(3530, 413, 'CS6CBT02', 16.00, 45.00),
(3531, 413, 'CA6SMP01', 88.00, 0.00),
(3532, 413, 'CA6VVP01', 0.00, 55.00),
(3533, 414, 'CA6CRT04', 20.00, 66.00),
(3534, 414, 'CS6CRT15', 20.00, 63.00),
(3535, 414, 'CA6PRP02', 20.00, 74.00),
(3536, 414, 'CS6CBT02', 20.00, 67.00),
(3537, 414, 'CA6SMP01', 100.00, 0.00),
(3538, 414, 'CA6VVP01', 0.00, 90.00),
(3539, 415, 'CA6CRT04', 17.00, 43.00),
(3540, 415, 'CS6CRT15', 17.00, 40.00),
(3541, 415, 'CA6PRP02', 16.00, 58.00),
(3542, 415, 'CS6CBT02', 16.00, 43.00),
(3543, 415, 'CA6SMP01', 85.00, 0.00),
(3544, 415, 'CA6VVP01', 0.00, 60.00),
(3545, 416, 'CA6CRT04', 15.00, 14.00),
(3546, 416, 'CS6CRT15', 17.00, 36.00),
(3547, 416, 'CA6PRP02', 17.00, 48.00),
(3548, 416, 'CS6CBT02', 16.00, 27.00),
(3549, 416, 'CA6SMP01', 85.00, 0.00),
(3550, 416, 'CA6VVP01', 0.00, 55.00),
(3551, 417, 'CA6CRT04', 15.00, 34.00),
(3552, 417, 'CS6CRT15', 17.00, 52.00),
(3553, 417, 'CA6PRP02', 17.00, 58.00),
(3554, 417, 'CS6CBT02', 17.00, 34.00),
(3555, 417, 'CA6SMP01', 85.00, 0.00),
(3556, 417, 'CA6VVP01', 0.00, 58.00);

-- --------------------------------------------------------

--
-- Table structure for table `program`
--

CREATE TABLE `program` (
  `ProgramID` int(11) NOT NULL,
  `ProgramName` text NOT NULL,
  `Type` varchar(15) NOT NULL DEFAULT 'PG',
  `TotalSemesters` int(11) NOT NULL
) ENGINE=InnoDB DEFAULT CHARSET=utf8mb4 COLLATE=utf8mb4_general_ci;

--
-- Dumping data for table `program`
--

INSERT INTO `program` (`ProgramID`, `ProgramName`, `Type`, `TotalSemesters`) VALUES
(1, 'M Sc COMPUTER SCIENCE (AIDED)', 'PG', 4),
(2, 'Bachelor of Computer Applications', 'UG', 6);

-- --------------------------------------------------------

--
-- Table structure for table `students`
--

CREATE TABLE `students` (
  `PRN` bigint(13) NOT NULL,
  `Name` varchar(250) NOT NULL,
  `ProgramID` int(11) NOT NULL,
  `AcademicYear` varchar(20) NOT NULL
) ENGINE=InnoDB DEFAULT CHARSET=utf8mb4 COLLATE=utf8mb4_general_ci;

--
-- Dumping data for table `students`
--

INSERT INTO `students` (`PRN`, `Name`, `ProgramID`, `AcademicYear`) VALUES
(1101407474, 'Student825007', 1, '2024-26'),
(1194964526, 'Student436361', 2, '2021-24'),
(1198730356, 'Student506783', 2, '2021-24'),
(1210651073, 'Student224834', 2, '2021-24'),
(1265111257, 'Student403820', 2, '2021-24'),
(1269121646, 'Student344599', 2, '2021-24'),
(1332131555, 'Student411536', 2, '2021-24'),
(1530757448, 'Student923883', 2, '2021-24'),
(1813441181, 'Student584812', 2, '2021-24'),
(2038713881, 'Student952408', 2, '2021-24'),
(2222214395, 'Student207611', 2, '2021-24'),
(2507051112, 'Student780825', 2, '2021-24'),
(2630096839, 'Student481296', 2, '2021-24'),
(2766096403, 'Student864007', 2, '2021-24'),
(2791230462, 'Student976149', 2, '2021-24'),
(2927239162, 'Student388728', 2, '2021-24'),
(3107348995, 'Student715188', 2, '2021-24'),
(3404680137, 'Student509761', 1, '2024-26'),
(3515997662, 'Student303240', 1, '2024-26'),
(3836074683, 'Student786916', 2, '2021-24'),
(4100543518, 'Student224862', 2, '2021-24'),
(4226549172, 'Student463564', 1, '2024-26'),
(4248095751, 'Student643235', 2, '2021-24'),
(4423877998, 'Student825483', 2, '2021-24'),
(4663212766, 'Student297712', 2, '2021-24'),
(4724434908, 'Student712112', 2, '2021-24'),
(4767036593, 'Student767426', 2, '2021-24'),
(4880158792, 'Student700795', 2, '2021-24'),
(4899516931, 'Student201701', 2, '2021-24'),
(4906268026, 'Student606115', 2, '2021-24'),
(5003509578, 'Student525477', 2, '2021-24'),
(5011428440, 'Student709040', 2, '2021-24'),
(5237487941, 'Student968769', 2, '2021-24'),
(5373026668, 'Student816729', 2, '2021-24'),
(5445165752, 'Student177339', 2, '2021-24'),
(5475407978, 'Student136505', 1, '2024-26'),
(5502726402, 'Student950508', 2, '2021-24'),
(5506293975, 'Student643028', 2, '2021-24'),
(5608676106, 'Student263619', 2, '2021-24'),
(5810167771, 'Student189009', 2, '2021-24'),
(5878743138, 'Student954187', 2, '2021-24'),
(5915105192, 'Student503913', 2, '2021-24'),
(6052147985, 'Student457005', 2, '2021-24'),
(6067174307, 'Student673285', 2, '2021-24'),
(6095491209, 'Student995411', 2, '2021-24'),
(6263885211, 'Student157203', 2, '2021-24'),
(6768161302, 'Student399781', 2, '2021-24'),
(6978703008, 'Student527298', 2, '2021-24'),
(7007247353, 'Student437148', 2, '2021-24'),
(7010187071, 'Student503848', 2, '2021-24'),
(7039111251, 'Student207797', 2, '2021-24'),
(7092048116, 'Student327442', 2, '2021-24'),
(7106154264, 'Student913819', 1, '2024-26'),
(7299676826, 'Student786772', 2, '2021-24'),
(7381419593, 'Student192403', 1, '2024-26'),
(7390158750, 'Student301700', 2, '2021-24'),
(7391769484, 'Student831290', 1, '2024-26'),
(7591584559, 'Student451353', 2, '2021-24'),
(7727153989, 'Student562896', 2, '2021-24'),
(7814283344, 'Student460420', 1, '2024-26'),
(7885491920, 'Student513415', 2, '2021-24'),
(7938524817, 'Student185814', 2, '2021-24'),
(8069385084, 'Student188826', 2, '2021-24'),
(8133627795, 'Student286687', 1, '2024-26'),
(8154089806, 'Student766958', 2, '2021-24'),
(8578388727, 'Student174732', 2, '2021-24'),
(8679260775, 'Student272785', 2, '2021-24'),
(8683840328, 'Student739728', 1, '2024-26'),
(8848987223, 'Student980290', 2, '2021-24'),
(9004013758, 'Student782269', 2, '2021-24'),
(9124693022, 'Student870476', 2, '2021-24'),
(9129967435, 'Student105573', 2, '2021-24'),
(9172972415, 'Student516435', 2, '2021-24'),
(9652504818, 'Student365458', 2, '2021-24'),
(9756400150, 'Student177984', 2, '2021-24'),
(9844114588, 'Student593549', 2, '2021-24'),
(9855577260, 'Student533793', 1, '2024-26');

-- --------------------------------------------------------

--
-- Table structure for table `theadmin`
--

CREATE TABLE `theadmin` (
  `Username` varchar(50) NOT NULL,
  `Password` text NOT NULL
) ENGINE=InnoDB DEFAULT CHARSET=utf8mb4 COLLATE=utf8mb4_general_ci;

--
-- Dumping data for table `theadmin`
--

INSERT INTO `theadmin` (`Username`, `Password`) VALUES
('superadmin', 'User@123');

--
-- Indexes for dumped tables
--

--
-- Indexes for table `course`
--
ALTER TABLE `course`
  ADD PRIMARY KEY (`CourseCode`),
  ADD KEY `ProgramID` (`ProgramID`);

--
-- Indexes for table `examattender`
--
ALTER TABLE `examattender`
  ADD PRIMARY KEY (`AttID`),
  ADD KEY `PRN` (`PRN`),
  ADD KEY `ExamID` (`ExamID`),
  ADD KEY `ExamCenterID` (`ExamCenterID`);

--
-- Indexes for table `examcenter`
--
ALTER TABLE `examcenter`
  ADD PRIMARY KEY (`ExamCenterID`);

--
-- Indexes for table `exams`
--
ALTER TABLE `exams`
  ADD PRIMARY KEY (`ExamID`),
  ADD KEY `ProgramID` (`ProgramID`);

--
-- Indexes for table `marks`
--
ALTER TABLE `marks`
  ADD PRIMARY KEY (`MarkID`),
  ADD KEY `FKCode` (`CourseCode`),
  ADD KEY `FKATT` (`AttID`);

--
-- Indexes for table `program`
--
ALTER TABLE `program`
  ADD PRIMARY KEY (`ProgramID`);

--
-- Indexes for table `students`
--
ALTER TABLE `students`
  ADD PRIMARY KEY (`PRN`),
  ADD KEY `ProgramID` (`ProgramID`);

--
-- Indexes for table `theadmin`
--
ALTER TABLE `theadmin`
  ADD PRIMARY KEY (`Username`);

--
-- AUTO_INCREMENT for dumped tables
--

--
-- AUTO_INCREMENT for table `examattender`
--
ALTER TABLE `examattender`
  MODIFY `AttID` int(11) NOT NULL AUTO_INCREMENT, AUTO_INCREMENT=418;

--
-- AUTO_INCREMENT for table `examcenter`
--
ALTER TABLE `examcenter`
  MODIFY `ExamCenterID` int(11) NOT NULL AUTO_INCREMENT, AUTO_INCREMENT=2;

--
-- AUTO_INCREMENT for table `exams`
--
ALTER TABLE `exams`
  MODIFY `ExamID` int(11) NOT NULL AUTO_INCREMENT, AUTO_INCREMENT=10;

--
-- AUTO_INCREMENT for table `marks`
--
ALTER TABLE `marks`
  MODIFY `MarkID` int(11) NOT NULL AUTO_INCREMENT, AUTO_INCREMENT=3557;

--
-- AUTO_INCREMENT for table `program`
--
ALTER TABLE `program`
  MODIFY `ProgramID` int(11) NOT NULL AUTO_INCREMENT, AUTO_INCREMENT=3;

--
-- Constraints for dumped tables
--

--
-- Constraints for table `course`
--
ALTER TABLE `course`
  ADD CONSTRAINT `course_ibfk_1` FOREIGN KEY (`ProgramID`) REFERENCES `program` (`ProgramID`);

--
-- Constraints for table `examattender`
--
ALTER TABLE `examattender`
  ADD CONSTRAINT `examattender_ibfk_1` FOREIGN KEY (`PRN`) REFERENCES `students` (`PRN`) ON UPDATE CASCADE,
  ADD CONSTRAINT `examattender_ibfk_2` FOREIGN KEY (`ExamID`) REFERENCES `exams` (`ExamID`),
  ADD CONSTRAINT `examattender_ibfk_3` FOREIGN KEY (`ExamCenterID`) REFERENCES `examcenter` (`ExamCenterID`);

--
-- Constraints for table `exams`
--
ALTER TABLE `exams`
  ADD CONSTRAINT `exams_ibfk_1` FOREIGN KEY (`ProgramID`) REFERENCES `program` (`ProgramID`);

--
-- Constraints for table `marks`
--
ALTER TABLE `marks`
  ADD CONSTRAINT `FKATT` FOREIGN KEY (`AttID`) REFERENCES `examattender` (`AttID`),
  ADD CONSTRAINT `FKCode` FOREIGN KEY (`CourseCode`) REFERENCES `course` (`CourseCode`);

--
-- Constraints for table `students`
--
ALTER TABLE `students`
  ADD CONSTRAINT `students_ibfk_1` FOREIGN KEY (`ProgramID`) REFERENCES `program` (`ProgramID`);
COMMIT;

/*!40101 SET CHARACTER_SET_CLIENT=@OLD_CHARACTER_SET_CLIENT */;
/*!40101 SET CHARACTER_SET_RESULTS=@OLD_CHARACTER_SET_RESULTS */;
/*!40101 SET COLLATION_CONNECTION=@OLD_COLLATION_CONNECTION */;
